rank,spanish,english,form,infinitive
1,de,of,preposition,
2,la,the,article,
3,que,that,conjunction,
4,el,the,article,
5,en,in,preposition,
6,y,and,conjunction,
7,a,to,preposition,
8,los,the,article,
9,se,oneself,pronoun,
10,del,of the,preposition,
11,las,the,article,
12,un,a,article,
13,por,by,preposition,
14,con,with,preposition,
15,no,no,adverb,
16,una,a,article,
17,su,his/her,pronoun,
18,para,for,preposition,
19,es,he/she is,verb,ser
20,al,to the,preposition,
21,lo,it,pronoun,
22,como,like,conjunction,
23,más,more,adverb,
24,o,or,conjunction,
25,pero,but,conjunction,
26,sus,his/her,pronoun,
27,le,to him/her,pronoun,
28,ha,he/she has,verb,haber
29,me,me,pronoun,
30,si,if,conjunction,
31,sin,without,preposition,
32,sobre,about,preposition,
33,este,this,pronoun,
34,ya,already,adverb,
35,entre,between,preposition,
36,cuando,when,conjunction,
37,todo,all,pronoun,
38,esta,this,pronoun,
39,ser,to be,verb,ser
40,son,they are,verb,ser
41,dos,two,noun,
42,también,also,adverb,
43,fue,he/she was/went,verb,ser/ir
44,había,there was,verb,haber
45,era,he/she was,verb,ser
46,muy,very,adverb,
47,años,years,noun,
48,hasta,until,preposition,
49,desde,from,preposition,
50,está,he/she is,verb,estar
51,mi,my,pronoun,
52,porque,because,conjunction,
53,qué,what,pronoun,
54,sólo,only,adverb,
55,han,they have,verb,haber
56,yo,I,pronoun,
57,hay,there is/are,verb,haber
58,vez,time,noun,
59,puede,he/she can,verb,poder
60,todos,all,pronoun,
61,así,thus,adverb,
62,nos,us,pronoun,
63,ni,nor,conjunction,
64,parte,part,noun,
65,tiene,he/she has,verb,tener
66,él,he,pronoun,
67,uno,one,pronoun,
68,donde,where,adverb,
69,bien,well,adverb,
70,tiempo,time,noun,
71,mismo,same,adjective,
72,ese,that,pronoun,
73,ahora,now,adverb,
74,cada,each,adjective,
75,e,and,conjunction,
76,vida,life,noun,
77,otro,other,adjective,
78,después,after,adverb,
79,te,you,pronoun,
80,otros,others,pronoun,
81,aunque,although,conjunction,
82,esa,that,pronoun,
83,eso,that,pronoun,
84,hace,he/she does,verb,hacer
85,otra,other,adjective,
86,gobierno,government,noun,
87,tan,so,adverb,
88,durante,during,preposition,
89,siempre,always,adverb,
90,día,day,noun,
91,tanto,so much,adverb,
92,ella,she,pronoun,
93,tres,three,noun,
94,sí,yes,adverb,
95,dijo,he/she said,verb,decir
96,sido,been,verb,ser
97,gran,great,adjective,
98,país,country,noun,
99,según,according to,preposition,
100,menos,less,adverb,
101,mundo,world,noun,
102,año,year,noun,
103,antes,before,adverb,
104,estado,state,noun,
105,contra,against,preposition,
106,sino,but rather,conjunction,
107,forma,form,noun,
108,caso,case,noun,
109,nada,nothing,pronoun,
110,hacer,to do,verb,hacer
111,general,general,adjective,
112,estaba,he/she was,verb,estar
113,poco,little,adverb,
114,estos,these,pronoun,
115,presidente,president,noun,
116,mayor,greater,adjective,
117,ante,before,preposition,
118,unos,some,article,
119,les,to them,pronoun,
120,algo,something,pronoun,
121,hacia,toward,preposition,
122,casa,house,noun,
123,ellos,they,pronoun,
124,ayer,yesterday,adverb,
125,hecho,fact,noun,
126,primera,first,adjective,
127,mucho,much,adverb,
128,mientras,while,conjunction,
129,además,besides,adverb,
130,quien,who,pronoun,
131,momento,moment,noun,
132,millones,millions,noun,
133,esto,this,pronoun,
134,españa,Spain,noun,
135,hombre,man,noun,
136,están,they are,verb,estar
137,pues,well,conjunction,
138,hoy,today,adverb,
139,lugar,place,noun,
140,madrid,Madrid,noun,
141,nacional,national,adjective,
142,trabajo,work,noun,
143,otras,others,pronoun,
144,mejor,better,adjective,
145,nuevo,new,adjective,
146,decir,to say,verb,decir
147,algunos,some,pronoun,
148,entonces,then,adverb,
149,todas,all,pronoun,
150,días,days,noun,
151,debe,he/she must,verb,deber
152,política,politics,noun,
153,cómo,how,adverb,
154,casi,almost,adverb,
155,toda,all,adjective,
156,tal,such,adjective,
157,luego,then,adverb,
158,pasado,past,noun,
159,primer,first,adjective,
160,medio,half,noun,
161,va,he/she goes,verb,ir
162,estas,these,pronoun,
163,sea,he/she may be,verb,ser
164,tenía,he/she had,verb,tener
165,nunca,never,adverb,
166,poder,to be able,verb,poder
167,aquí,here,adverb,
168,ver,to see,verb,ver
169,veces,times,noun,
170,embargo,embargo,noun,
171,partido,party,noun,
172,personas,people,noun,
173,grupo,group,noun,
174,cuenta,account,noun,
175,pueden,they can,verb,poder
176,tienen,they have,verb,tener
177,misma,same,adjective,
178,nueva,new,adjective,
179,cual,which,pronoun,
180,fueron,they were/went,verb,ser/ir
181,mujer,woman,noun,
182,frente,front,noun,
183,josé,Jose,noun,
184,tras,after,preposition,
185,cosas,things,noun,
186,fin,end,noun,
187,ciudad,city,noun,
188,he,I have,verb,haber
189,social,social,adjective,
190,manera,way,noun,
191,tener,to have,verb,tener
192,sistema,system,noun,
193,será,he/she will be,verb,ser
194,historia,history,noun,
195,muchos,many,adjective,
196,juan,Juan,noun,
197,tipo,type,noun,
198,cuatro,four,noun,
199,dentro,inside,adverb,
200,nuestro,our,pronoun,
201,punto,point,noun,
202,dice,he/she says,verb,decir
203,ello,it,pronoun,
204,cualquier,any,adjective,
205,noche,night,noun,
206,aún,still,adverb,
207,agua,water,noun,
208,parece,he/she seems,verb,parecer
209,haber,to have,verb,haber
210,situación,situation,noun,
211,fuera,outside,adverb,
212,bajo,under,preposition,
213,grandes,big,adjective,
214,nuestra,our,pronoun,
215,ejemplo,example,noun,
216,acuerdo,agreement,noun,
217,habían,they had,verb,haber
218,usted,you,pronoun,
219,estados,states,noun,
220,hizo,he/she did,verb,hacer
221,nadie,nobody,pronoun,
222,países,countries,noun,
223,horas,hours,noun,
224,posible,possible,adjective,
225,tarde,afternoon,noun,
226,ley,law,noun,
227,importante,important,adjective,
228,guerra,war,noun,
229,desarrollo,development,noun,
230,proceso,process,noun,
231,realidad,reality,noun,
232,sentido,sense,noun,
233,lado,side,noun,
234,mí,me,pronoun,
235,tu,your,pronoun,
236,cambio,change,noun,
237,allí,there,adverb,
238,mano,hand,noun,
239,eran,they were,verb,ser
240,estar,to be,verb,estar
241,san,saint,noun,
242,número,number,noun,
243,sociedad,society,noun,
244,unas,some,article,
245,centro,center,noun,
246,padre,father,noun,
247,gente,people,noun,
248,final,final,adjective,
249,relación,relationship,noun,
250,cuerpo,body,noun,
251,obra,work,noun,
252,incluso,even,adverb,
253,través,through,noun,
254,último,last,adjective,
255,madre,mother,noun,
256,mis,my,pronoun,
257,modo,way,noun,
258,problemas,problems,noun,
259,cinco,five,noun,
260,carlos,Carlos,noun,
261,hombres,men,noun,
262,información,information,noun,
263,ojos,eyes,noun,
264,muerte,death,noun,
265,nombre,name,noun,
266,algunas,some,pronoun,
267,público,public,adjective,
268,mujeres,women,noun,
269,siglo,century,noun,
270,todavía,still,adverb,
271,meses,months,noun,
272,mañana,morning,noun,
273,esos,those,pronoun,
274,nosotros,we,pronoun,
275,hora,hour,noun,
276,muchas,many,adjective,
277,pueblo,town,noun,
278,alguna,some,adjective,
279,dar,to give,verb,dar
280,problema,problem,noun,
281,don,Mr.,noun,
282,da,he/she gives,verb,dar
283,tú,you,pronoun,
284,derecho,right,noun,
285,verdad,truth,noun,
286,maría,Maria,noun,
287,unidos,united,adjective,
288,podría,he/she could,verb,poder
289,sería,he/she would be,verb,ser
290,junto,together,adverb,
291,cabeza,head,noun,
292,aquel,that,pronoun,
293,luis,Luis,noun,
294,cuanto,as much as,adverb,
295,tierra,earth,noun,
296,equipo,team,noun,
297,segundo,second,adjective,
298,director,director,noun,
299,dicho,said,verb,decir
300,cierto,certain,adjective,
301,casos,cases,noun,
302,manos,hands,noun,
303,nivel,level,noun,
304,podía,he/she could,verb,poder
305,familia,family,noun,
306,largo,long,adjective,
307,partir,to leave,verb,partir
308,falta,lack,noun,
309,llegar,to arrive,verb,llegar
310,propio,own,adjective,
311,ministro,minister,noun,
312,cosa,thing,noun,
313,primero,first,adjective,
314,seguridad,security,noun,
315,hemos,we have,verb,haber
316,mal,bad,adverb,
317,trata,he/she treats,verb,tratar
318,algún,some,adjective,
319,tuvo,he/she had,verb,tener
320,respecto,respect,noun,
321,semana,week,noun,
322,varios,several,adjective,
323,real,real,adjective,
324,sé,I know,verb,saber
325,voz,voice,noun,
326,paso,step,noun,
327,señor,sir,noun,
328,mil,thousand,noun,
329,quienes,who,pronoun,
330,proyecto,project,noun,
331,mercado,market,noun,
332,mayoría,majority,noun,
333,luz,light,noun,
334,claro,clear,adjective,
335,iba,he/she was going,verb,ir
336,éste,this one,pronoun,
337,pesetas,pesetas,noun,
338,orden,order,noun,
339,español,Spanish,adjective,
340,buena,good,adjective,
341,quiere,he/she wants,verb,querer
342,aquella,that,pronoun,
343,programa,program,noun,
344,palabras,words,noun,
345,internacional,international,adjective,
346,van,they go,verb,ir
347,esas,those,pronoun,
348,segunda,second,adjective,
349,empresa,company,noun,
350,puesto,position,noun,
351,ahí,there,adverb,
352,propia,own,adjective,
353,m,m,noun,
354,libro,book,noun,
355,igual,equal,adjective,
356,político,political,adjective,
357,persona,person,noun,
358,últimos,last,adjective,
359,ellas,they,pronoun,
360,total,total,adjective,
361,creo,I believe,verb,creer
362,tengo,I have,verb,tener
363,dios,God,noun,
364,c,c,noun,
365,española,Spanish,adjective,
366,condiciones,conditions,noun,
367,méxico,Mexico,noun,
368,fuerza,force,noun,
369,solo,alone,adjective,
370,único,only,adjective,
371,acción,action,noun,
372,amor,love,noun,
373,policía,police,noun,
374,puerta,door,noun,
375,pesar,to weigh,verb,pesar
376,zona,zone,noun,
377,sabe,he/she knows,verb,saber
378,calle,street,noun,
379,interior,interior,adjective,
380,tampoco,neither,adverb,
381,música,music,noun,
382,ningún,no,adjective,
383,vista,view,noun,
384,campo,field,noun,
385,buen,good,adjective,
386,hubiera,he/she had,verb,haber
387,saber,to know,verb,saber
388,obras,works,noun,
389,razón,reason,noun,
390,ex,ex,other,
391,niños,children,noun,
392,presencia,presence,noun,
393,tema,topic,noun,
394,dinero,money,noun,
395,comisión,commission,noun,
396,antonio,Antonio,noun,
397,servicio,service,noun,
398,hijo,son,noun,
399,última,last,adjective,
400,ciento,hundred,noun,
401,estoy,I am,verb,estar
402,hablar,to speak,verb,hablar
403,dio,he/she gave,verb,dar
404,minutos,minutes,noun,
405,producción,production,noun,
406,camino,road,noun,
407,seis,six,noun,
408,quién,who,pronoun,
409,fondo,bottom,noun,
410,dirección,direction,noun,
411,papel,paper,noun,
412,demás,rest,pronoun,
413,barcelona,Barcelona,noun,
414,idea,idea,noun,
415,especial,special,adjective,
416,diferentes,different,adjective,
417,dado,given,verb,dar
418,base,base,noun,
419,capital,capital,noun,
420,ambos,both,pronoun,
421,europa,Europe,noun,
422,libertad,freedom,noun,
423,relaciones,relationships,noun,
424,espacio,space,noun,
425,medios,means,noun,
426,ir,to go,verb,ir
427,actual,current,adjective,
428,población,population,noun,
429,empresas,companies,noun,
430,estudio,study,noun,
431,salud,health,noun,
432,servicios,services,noun,
433,haya,he/she may have,verb,haber
434,principio,beginning,noun,
435,siendo,being,verb,ser
436,cultura,culture,noun,
437,anterior,previous,adjective,
438,alto,tall,adjective,
439,media,average,noun,
440,mediante,through,preposition,
441,primeros,first,adjective,
442,arte,art,noun,
443,paz,peace,noun,
444,sector,sector,noun,
445,imagen,image,noun,
446,medida,measure,noun,
447,deben,they must,verb,deber
448,datos,data,noun,
449,consejo,council,noun,
450,personal,personal,adjective,
451,interés,interest,noun,
452,julio,July,noun,
453,grupos,groups,noun,
454,miembros,members,noun,
455,ninguna,none,adjective,
456,existe,he/she exists,verb,existir
457,cara,face,noun,
458,edad,age,noun,
459,etc,etc,other,
460,movimiento,movement,noun,
461,visto,seen,verb,ver
462,llegó,he/she arrived,verb,llegar
463,puntos,points,noun,
464,actividad,activity,noun,
465,bueno,good,adjective,
466,uso,use,noun,
467,niño,child,noun,
468,difícil,difficult,adjective,
469,joven,young,adjective,
470,futuro,future,noun,
471,aquellos,those,pronoun,
472,mes,month,noun,
473,pronto,soon,adverb,
474,soy,I am,verb,ser
475,hacía,he/she was doing,verb,hacer
476,nuevos,new,adjective,
477,nuestros,our,pronoun,
478,estaban,they were,verb,estar
479,posibilidad,possibility,noun,
480,sigue,he/she follows,verb,seguir
481,cerca,near,adverb,
482,resultados,results,noun,
483,educación,education,noun,
484,atención,attention,noun,
485,gonzález,Gonzalez,noun,
486,capacidad,capacity,noun,
487,efecto,effect,noun,
488,necesario,necessary,adjective,
489,valor,value,noun,
490,aire,air,noun,
491,investigación,research,noun,
492,siguiente,following,adjective,
493,figura,figure,noun,
494,central,central,adjective,
495,comunidad,community,noun,
496,necesidad,need,noun,
497,serie,series,noun,
498,organización,organization,noun,
499,nuevas,new,adjective,
500,calidad,quality,noun
501,economía,economy,noun,
502,carácter,character,noun,
503,jefe,boss,noun,
504,estamos,we are,verb,estar
505,prensa,press,noun,
506,control,control,noun,
507,sociales,social,adjective,
508,universidad,university,noun,
509,militar,military,adjective,
510,cabo,end/cape,noun,
511,diez,ten,noun,
512,fuerzas,forces,noun,
513,congreso,congress,noun,
514,ésta,this one,pronoun,
515,hijos,children/sons,noun,
516,justicia,justice,noun,
517,mundial,world/global,adjective,
518,dólares,dollars,noun,
519,juego,game,noun,
520,económica,economic,adjective,
521,políticos,politicians,noun,
522,duda,doubt,noun,
523,recursos,resources,noun,
524,pública,public,adjective,
525,crisis,crisis,noun,
526,próximo,next,adjective,
527,tenemos,we have,verb,tener
528,decisión,decision,noun,
529,varias,several,adjective,
530,popular,popular,adjective,
531,tenido,had,verb,tener
532,apenas,barely,adverb,
533,época,era/period,noun,
534,banco,bank,noun,
535,presente,present,adjective,
536,menor,smaller/younger,adjective,
537,quiero,I want,verb,querer
538,pasar,to pass/happen,verb,pasar
539,resultado,result,noun,
540,televisión,television,noun,
541,encuentra,he/she finds,verb,encontrar
542,gracias,thanks,noun,
543,ministerio,ministry,noun,
544,conjunto,set/ensemble,noun,
545,defensa,defense,noun,
546,alguien,someone,pronoun,
547,queda,he/she stays,verb,quedar
548,hacen,they do/make,verb,hacer
549,pasa,he/she passes,verb,pasar
550,resto,rest/remainder,noun,
551,causa,cause,noun,
552,seguir,to follow/continue,verb,seguir
553,allá,there,adverb,
554,palabra,word,noun,
555,voy,I go,verb,ir
556,cuya,whose,pronoun,
557,vamos,we go,verb,ir
558,mar,sea,noun,
559,estudios,studies,noun,
560,derechos,rights,noun,
561,importancia,importance,noun,
562,cuales,which,pronoun,
563,contrario,opposite,adjective,
564,manuel,Manuel,noun,
565,garcía,Garcia,noun,
566,fuerte,strong,adjective,
567,sol,sun,noun,
568,jóvenes,young people,noun,
569,apoyo,support,noun,
570,habría,there would be,verb,haber
571,civil,civil,adjective,
572,miguel,Miguel,noun,
573,pedro,Pedro,noun,
574,partidos,parties,noun,
575,libre,free,adjective,
576,fuentes,sources,noun,
577,administración,administration,noun,
578,común,common,adjective,
579,dejar,to leave/let,verb,dejar
580,cine,cinema,noun,
581,salir,to leave/go out,verb,salir
582,comunicación,communication,noun,
583,b,B,noun,
584,experiencia,experience,noun,
585,demasiado,too much,adverb,
586,plan,plan,noun,
587,respuesta,answer,noun,
588,energía,energy,noun,
589,izquierda,left,noun,
590,función,function,noun,
591,principal,main,adjective,
592,superior,upper/superior,adjective,
593,naturaleza,nature,noun,
594,podemos,we can,verb,poder
595,unión,union,noun,
596,especialmente,especially,adverb,
597,rey,king,noun,
598,domingo,Sunday,noun,
599,favor,favor,noun,
600,cantidad,quantity,noun,
601,elecciones,elections,noun,
602,clase,class,noun,
603,productos,products,noun,
604,españoles,Spaniards,noun,
605,conocer,to know/meet,verb,conocer
606,teatro,theater,noun,
607,importantes,important,adjective,
608,evitar,to avoid,verb,evitar
609,color,color,noun,
610,actividades,activities,noun,
611,mesa,table,noun,
612,p,P,noun,
613,decía,he/she was saying,verb,decir
614,cuyo,whose,pronoun,
615,debido,due to,preposition,
616,alta,tall/high,adjective,
617,francisco,Francisco,noun,
618,secretario,secretary,noun,
619,objeto,object,noun,
620,quizá,perhaps,adverb,
621,posición,position,noun,
622,parecía,he/she seemed,verb,parecer
623,natural,natural,adjective,
624,elementos,elements,noun,
625,hubo,there was,verb,haber
626,objetivo,objective,noun,
627,formas,forms,noun,
628,única,unique/only,adjective,
629,pueda,he/she may be able,verb,poder
630,origen,origin,noun,
631,blanco,white,adjective,
632,mismos,same,adjective,
633,lleva,he/she carries,verb,llevar
634,económico,economic,adjective,
635,opinión,opinion,noun,
636,ayuda,help,noun,
637,oficial,official,adjective,
638,silencio,silence,noun,
639,buenos,good,adjective,
640,pensar,to think,verb,pensar
641,república,republic,noun,
642,dónde,where,adverb,
643,sangre,blood,noun,
644,encuentro,meeting,noun,
645,siquiera,even,adverb,
646,autor,author,noun,
647,reunión,meeting,noun,
648,haciendo,doing/making,verb,hacer
649,suelo,floor/ground,noun,
650,muestra,sample,noun,
651,viejo,old,adjective,
652,encima,on top,adverb,
653,resulta,it turns out,verb,resultar
654,tomar,to take,verb,tomar
655,bastante,enough/quite,adverb,
656,siete,seven,noun,
657,lucha,fight/struggle,noun,
658,pudo,he/she could,verb,poder
659,amigos,friends,noun,
660,línea,line,noun,
661,sur,south,noun,
662,pocos,few,adjective,
663,medidas,measures,noun,
664,norte,north,noun,
665,partes,parts,noun,
666,iglesia,church,noun,
667,tratamiento,treatment,noun,
668,existencia,existence,noun,
669,cargo,position/charge,noun,
670,grande,big,adjective,
671,américa,America,noun,
672,boca,mouth,noun,
673,plaza,square/plaza,noun,
674,pie,foot,noun,
675,trabajadores,workers,noun,
676,poner,to put,verb,poner
677,existen,they exist,verb,existir
678,viene,he/she comes,verb,venir
679,permite,he/she allows,verb,permitir
680,análisis,analysis,noun,
681,argentina,Argentina,noun,
682,acto,act,noun,
683,hechos,facts,noun,
684,tiempos,times,noun,
685,políticas,policies,noun,
686,radio,radio,noun,
687,puedo,I can,verb,poder
688,crecimiento,growth,noun,
689,francia,France,noun,
690,compañía,company,noun,
691,amigo,friend,noun,
692,autoridades,authorities,noun,
693,realizar,to carry out,verb,realizar
694,acciones,actions,noun,
695,padres,parents,noun,
696,diario,daily/newspaper,noun,
697,ve,he/she sees,verb,ver
698,derecha,right,noun,
699,ambiente,environment,noun,
700,i,I,noun,
701,habrá,there will be,verb,haber
702,precisamente,precisely,adverb,
703,enfermedad,disease,noun,
704,especie,species,noun,
705,ejército,army,noun,
706,santa,saint/holy,adjective,
707,cambios,changes,noun,
708,río,river,noun,
709,sabía,he/she knew,verb,saber
710,seguro,sure/safe,adjective,
711,espera,he/she waits,verb,esperar
712,momentos,moments,noun,
713,viaje,trip,noun,
714,quería,he/she wanted,verb,querer
715,ocho,eight,noun,
716,vivir,to live,verb,vivir
717,región,region,noun,
718,formación,formation/training,noun,
719,escuela,school,noun,
720,cuarto,fourth/room,noun,
721,valores,values,noun,
722,quedó,he/she stayed,verb,quedar
723,participación,participation,noun,
724,éxito,success,noun,
725,baja,low,adjective,
726,artículo,article,noun,
727,principales,main,adjective,
728,fernando,Fernando,noun,
729,metros,meters,noun,
730,marcha,march,noun,
731,régimen,regime,noun,
732,consecuencia,consequence,noun,
733,conocimiento,knowledge,noun,
734,corazón,heart,noun,
735,campaña,campaign,noun,
736,estructura,structure,noun,
737,efectos,effects,noun,
738,finalmente,finally,adverb,
739,modelo,model,noun,
740,carta,letter,noun,
741,construcción,construction,noun,
742,médico,doctor,noun,
743,miedo,fear,noun,
744,mayores,older/greater,adjective,
745,entrada,entrance,noun,
746,humanos,humans,noun,
747,sean,they may be,verb,ser
748,actitud,attitude,noun,
749,deja,he/she leaves,verb,dejar
750,dejó,he/she left,verb,dejar
751,d,D,noun,
752,llevar,to carry,verb,llevar
753,negro,black,adjective,
754,texto,text,noun,
755,mitad,half,noun,
756,estuvo,he/she was,verb,estar
757,alrededor,around,adverb,
758,acerca,about,preposition,
759,peso,weight,noun,
760,humano,human,adjective,
761,pequeño,small,adjective,
762,fecha,date,noun,
763,serán,they will be,verb,ser
764,doctor,doctor,noun,
765,ideas,ideas,noun,
766,vino,wine,noun,
767,materia,matter/subject,noun,
768,llega,he/she arrives,verb,llegar
769,carrera,career/race,noun,
770,cierta,certain,adjective,
771,sola,alone,adjective,
772,psoe,PSOE,noun,
773,lejos,far,adverb,
774,juez,judge,noun,
775,características,characteristics,noun,
776,riesgo,risk,noun,
777,fácil,easy,adjective,
778,diferencia,difference,noun,
779,cultural,cultural,adjective,
780,libros,books,noun,
781,práctica,practice,noun,
782,mayo,May,noun,
783,nuestras,our,adjective,
784,programas,programs,noun,
785,memoria,memory,noun,
786,llegado,arrived,verb,llegar
787,plazo,term/deadline,noun,
788,expresión,expression,noun,
789,diciembre,December,noun,
790,mantener,to maintain,verb,mantener
791,enero,January,noun,
792,volver,to return,verb,volver
793,cuadro,picture/frame,noun,
794,producto,product,noun,
795,produce,he/she produces,verb,producir
796,europea,European,adjective,
797,conciencia,conscience,noun,
798,tenían,they had,verb,tener
799,atrás,back/behind,adverb,
800,felipe,Felipe,noun,
801,creación,creation,noun,
802,chile,Chile,noun,
803,precio,price,noun,
804,película,film,noun,
805,puerto,port,noun,
806,fuego,fire,noun,
807,cuestión,question/issue,noun,
808,pasó,he/she passed,verb,pasar
809,costa,coast,noun,
810,supuesto,supposed,adjective,
811,local,local,adjective,
812,habla,he/she speaks,verb,hablar
813,aspectos,aspects,noun,
814,cuba,Cuba,noun,
815,sala,room/hall,noun,
816,cámara,chamber/camera,noun,
817,vuelta,return/turn,noun,
818,vía,way/route,noun,
819,mirada,look/gaze,noun,
820,mejores,better,adjective,
821,informe,report,noun,
822,unidad,unit,noun,
823,distintos,different,adjective,
824,suerte,luck,noun,
825,tales,such,adjective,
826,mira,he/she looks,verb,mirar
827,llamado,called,verb,llamar
828,técnica,technique,noun,
829,título,title,noun,
830,s,S,noun,
831,principios,principles,noun,
832,octubre,October,noun,
833,volvió,he/she returned,verb,volver
834,período,period,noun,
835,g,G,noun,
836,encontrar,to find,verb,encontrar
837,democracia,democracy,noun,
838,aumento,increase,noun,
839,fútbol,football/soccer,noun,
840,prueba,proof/test,noun,
841,consumo,consumption,noun,
842,pese,despite,preposition,
843,ocasiones,occasions,noun,
844,exterior,exterior,adjective,
845,solución,solution,noun,
846,u,U,noun,
847,hija,daughter,noun,
848,sueño,dream,noun,
849,parís,Paris,noun,
850,capaz,capable,adjective,
851,ocasión,occasion,noun,
852,industria,industry,noun,
853,adelante,forward,adverb,
854,salida,exit,noun,
855,ciencia,science,noun,
856,asunto,matter/affair,noun,
857,asociación,association,noun,
858,puso,he/she put,verb,poner
859,intereses,interests,noun,
860,oro,gold,noun,
861,podrá,he/she will be able,verb,poder
862,pregunta,question,noun,
863,oposición,opposition,noun,
864,entrar,to enter,verb,entrar
865,señora,lady/Mrs.,noun,
866,señaló,he/she pointed out,verb,señalar
867,santiago,Santiago,noun,
868,dolor,pain,noun,
869,zonas,zones,noun,
870,comercio,commerce/trade,noun,
871,operación,operation,noun,
872,tribunal,court,noun,
873,instituciones,institutions,noun,
874,temas,topics,noun,
875,militares,military,adjective,
876,junio,June,noun,
877,marco,frame/framework,noun,
878,sectores,sectors,noun,
879,hacerlo,to do it,verb,hacer
880,aspecto,aspect,noun,
881,razones,reasons,noun,
882,contenido,content,noun,
883,juicio,trial/judgment,noun,
884,electoral,electoral,adjective,
885,considera,he/she considers,verb,considerar
886,tendrá,he/she will have,verb,tener
887,mucha,much,adjective,
888,voluntad,will,noun,
889,dicen,they say,verb,decir
890,recuerdo,memory,noun,
891,socialista,socialist,adjective,
892,área,area,noun,
893,aparece,he/she appears,verb,aparecer
894,vio,he/she saw,verb,ver
895,cama,bed,noun,
896,aun,even,adverb,
897,presenta,he/she presents,verb,presentar
898,pp,PP,noun,
899,revolución,revolution,noun,
900,busca,he/she searches,verb,buscar
901,abril,April,noun,
902,rodríguez,Rodriguez,noun,
903,fiscal,fiscal/prosecutor,noun,
904,lópez,Lopez,noun,
905,victoria,victory,noun,
906,violencia,violence,noun,
907,primeras,first,adjective,
908,pequeña,small,adjective,
909,armas,weapons,noun,
910,debía,he/she should,verb,deber
911,ii,II,noun,
912,esfuerzo,effort,noun,
913,humana,human,adjective,
914,posibilidades,possibilities,noun,
915,centros,centers,noun,
916,profesional,professional,adjective,
917,asimismo,likewise,adverb,
918,grado,degree,noun,
919,has,you have,verb,haber
920,toma,he/she takes,verb,tomar
921,distintas,different,adjective,
922,material,material,noun,
923,carne,meat,noun,
924,llama,he/she calls,verb,llamar
925,particular,particular,adjective,
926,jorge,Jorge,noun,
927,trabajar,to work,verb,trabajar
928,propuesta,proposal,noun,
929,muerto,dead,adjective,
930,precios,prices,noun,
931,reforma,reform,noun,
932,hermano,brother,noun,
933,corte,court/cut,noun,
934,comenzó,he/she began,verb,comenzar
935,etapa,stage,noun,
936,obstante,notwithstanding,adverb,
937,pone,he/she puts,verb,poner
938,diversos,diverse,adjective,
939,visita,visit,noun,
940,concepto,concept,noun,
941,pacientes,patients,noun,
942,semanas,weeks,noun,
943,tipos,types,noun,
944,solamente,only,adverb,
945,deseo,desire,noun,
946,sistemas,systems,noun,
947,encuentran,they find,verb,encontrar
948,siguientes,following,adjective,
949,martín,Martin,noun,
950,suficiente,sufficient,adjective,
951,marzo,March,noun,
952,varios,several,adjective,
953,jamás,never,adverb,
954,dan,they give,verb,dar
955,club,club,noun,
956,instituto,institute,noun,
957,constitución,constitution,noun,
958,curso,course,noun,
959,lenguaje,language,noun,
960,estilo,style,noun,
961,rosa,pink/rose,noun,
962,imposible,impossible,adjective,
963,pablo,Pablo,noun,
964,buscar,to search,verb,buscar
965,peor,worse,adjective,
966,piel,skin,noun,
967,arriba,up/above,adverb,
968,generales,general,adjective,
969,septiembre,September,noun,
970,blanca,white,adjective,
971,r,R,noun,
972,aquellas,those,pronoun,
973,teoría,theory,noun,
974,animales,animals,noun,
975,hicieron,they did/made,verb,hacer
976,larga,long,adjective,
977,perdido,lost,verb,perder
978,imágenes,images,noun,
979,paciente,patient,noun,
980,conseguir,to get/achieve,verb,conseguir
981,máximo,maximum,adjective,
982,noviembre,November,noun,
983,j,J,noun,
984,líder,leader,noun,
985,hospital,hospital,noun,
986,diversas,diverse,adjective,
987,rafael,Rafael,noun,
988,vuelve,he/she returns,verb,volver
989,destino,destiny,noun,
990,torno,around,noun,
991,proyectos,projects,noun,
992,flores,flowers,noun,
993,niveles,levels,noun,
994,afirmó,he/she affirmed,verb,afirmar
995,explicó,he/she explained,verb,explicar
996,n,N,noun,
997,somos,we are,verb,ser
998,términos,terms,noun,
999,premio,prize,noun,
1000,tercera,third,adjective,
1001,simple,simple,adjective,
1002,trabajos,jobs,noun,
1003,factores,factors,noun,
1004,fuente,source,noun,
1005,cielo,sky,noun,
1006,ambas,both,adjective,
1007,mismas,same,adjective,
1008,fernández,Fernandez,noun,
1009,actualmente,currently,adverb,
1010,conocido,known,adjective,
1011,condición,condition,noun,
1012,ejercicio,exercise,noun,
1013,cree,he/she believes,verb,creer
1014,par,pair,noun,
1015,ocurre,it occurs,verb,ocurrir
1016,ti,you,pronoun,
1017,espíritu,spirit,noun,
1018,lengua,language,noun,
1019,responsabilidad,responsibility,noun,
1020,digo,I say,verb,decir
1021,pérez,Perez,noun,
1022,distancia,distance,noun,
1023,organismo,organism,noun,
1024,cruz,cross,noun,
1025,evolución,evolution,noun,
1026,realmente,really,adverb,
1027,alberto,Alberto,noun,
1028,francés,French,adjective,
1029,novela,novel,noun,
1030,alma,soul,noun,
1031,doble,double,adjective,
1032,anteriores,previous,adjective,
1033,obtener,to obtain,verb,obtener
1034,dije,I said,verb,decir
1035,selección,selection,noun,
1036,podido,been able,verb,poder
1037,nación,nation,noun,
1038,ido,gone,verb,ir
1039,crear,to create,verb,crear
1040,motivo,motive,noun,
1041,tercer,third,adjective,
1042,detrás,behind,preposition,
1043,significa,it means,verb,significar
1044,empleo,employment,noun,
1045,escrito,written,adjective,
1046,departamento,department,noun,
1047,contacto,contact,noun,
1048,casas,houses,noun,
1049,red,network,noun,
1050,rostro,face,noun,
1051,oportunidad,opportunity,noun,
1052,procesos,processes,noun,
1053,terreno,terrain,noun,
1054,daba,I/he/she gave,verb,dar
1055,calles,streets,noun,
1056,lista,list,noun,
1057,nacionales,national,adjective,
1058,funciones,functions,noun,
1059,leyes,laws,noun,
1060,acceso,access,noun,
1061,técnico,technical,adjective,
1062,visión,vision,noun,
1063,preguntó,he/she asked,verb,preguntar
1064,jesús,Jesus,noun,
1065,grave,serious,adjective,
1066,tenga,I/he/she have/has,verb,tener
1067,lunes,Monday,noun,
1068,aplicación,application,noun,
1069,junta,board,noun,
1070,lugares,places,noun,
1071,verano,summer,noun,
1072,capítulo,chapter,noun,
1073,éstos,these,pronoun,
1074,pensamiento,thought,noun,
1075,york,York,noun,
1076,frecuencia,frequency,noun,
1077,gestión,management,noun,
1078,viernes,Friday,noun,
1079,javier,Javier,noun,
1080,sitio,site,noun,
1081,agosto,August,noun,
1082,propiedad,property,noun,
1083,profesionales,professionals,noun,
1084,últimas,last,adjective,
1085,gusta,it pleases,verb,gustar
1086,objetivos,objectives,noun,
1087,movimientos,movements,noun,
1088,alcalde,mayor,noun,
1089,ejecutivo,executive,adjective,
1090,ciudadanos,citizens,noun,
1091,necesidades,needs,noun,
1092,exposición,exhibition,noun,
1093,término,term,noun,
1094,veinte,twenty,adjective,
1095,cuál,which,pronoun,
1096,clara,clear,adjective,
1097,altura,height,noun,
1098,pequeños,small,adjective,
1099,presión,pressure,noun,
1100,moral,moral,adjective,
1101,lograr,to achieve,verb,lograr
1102,comité,committee,noun,
1103,teléfono,telephone,noun,
1104,asuntos,matters,noun,
1105,peligro,danger,noun,
1106,escena,scene,noun,
1107,gusto,taste,noun,
1108,palacio,palace,noun,
1109,hotel,hotel,noun,
1110,colombia,Colombia,noun,
1111,aseguró,he/she assured,verb,asegurar
1112,isla,island,noun,
1113,guardia,guard,noun,
1114,confianza,trust,noun,
1115,ciudades,cities,noun,
1116,esperar,to wait,verb,esperar
1117,café,coffee,noun,
1118,demanda,demand,noun,
1119,personajes,characters,noun,
1120,directamente,directly,adverb,
1121,salió,he/she left,verb,salir
1122,discurso,speech,noun,
1123,sánchez,Sanchez,noun,
1124,representantes,representatives,noun,
1125,normal,normal,adjective,
1126,pena,pain,noun,
1127,jugadores,players,noun,
1128,supone,it supposes,verb,suponer
1129,industrial,industrial,adjective,
1130,referencia,reference,noun,
1131,febrero,February,noun,
1132,entender,to understand,verb,entender
1133,esté,I/he/she am/is,verb,estar
1134,física,physics,noun,
1135,dejado,left,verb,dejar
1136,alimentos,foods,noun,
1137,pies,feet,noun,
1138,doña,Mrs.,noun,
1139,protección,protection,noun,
1140,autores,authors,noun,
1141,marido,husband,noun,
1142,podrían,they could,verb,poder
1143,llamada,call,noun,
1144,brazos,arms,noun,
1145,intervención,intervention,noun,
1146,sal,salt,noun,
1147,páginas,pages,noun,
1148,nueve,nine,adjective,
1149,pueblos,towns,noun,
1150,temporada,season,noun,
1151,tus,your,adjective,
1152,abajo,below,adverb,
1153,aquello,that,pronoun,
1154,maestro,teacher,noun,
1155,internacionales,international,adjective,
1156,técnicas,techniques,noun,
1157,estás,you are,verb,estar
1158,esposa,wife,noun,
1159,crítica,criticism,noun,
1160,totalmente,totally,adverb,
1161,perder,to lose,verb,perder
1162,venta,sale,noun,
1163,finales,finals,noun,
1164,ramón,Ramon,noun,
1165,contar,to count,verb,contar
1166,diferencias,differences,noun,
1167,familiar,familiar,adjective,
1168,martínez,Martinez,noun,
1169,kilómetros,kilometers,noun,
1170,mala,bad,adjective,
1171,fundamental,fundamental,adjective,
1172,enorme,enormous,adjective,
1173,puedan,they can,verb,poder
1174,líneas,lines,noun,
1175,ofrece,he/she offers,verb,ofrecer
1176,comercial,commercial,adjective,
1177,pan,bread,noun,
1178,aires,airs,noun,
1179,profesor,professor,noun,
1180,inversión,investment,noun,
1181,municipal,municipal,adjective,
1182,declaraciones,statements,noun,
1183,funcionarios,officials,noun,
1184,aguas,waters,noun,
1185,responsable,responsible,adjective,
1186,sábado,Saturday,noun,
1187,alguno,some,adjective,
1188,federal,federal,adjective,
1189,señala,he/she points out,verb,señalar
1190,conflicto,conflict,noun,
1191,dicha,said,adjective,
1192,efe,EFE,noun,
1193,dirigentes,leaders,noun,
1194,cambiar,to change,verb,cambiar
1195,superficie,surface,noun,
1196,necesita,he/she needs,verb,necesitar
1197,puedan,they can,verb,poder
1198,tantos,so many,adjective,
1199,golpe,blow,noun,
1200,públicos,public,adjective,
1201,públicas,public,adjective,
1202,equipos,teams,noun,
1203,literatura,literature,noun,
1204,pruebas,tests,noun,
1205,alemania,Germany,noun,
1206,circunstancias,circumstances,noun,
1207,tienes,you have,verb,tener
1208,documento,document,noun,
1209,fiesta,party,noun,
1210,simplemente,simply,adverb,
1211,enrique,Enrique,noun,
1212,aceite,oil,noun,
1213,establecer,to establish,verb,establecer
1214,médicos,doctors,noun,
1215,eres,you are,verb,ser
1216,locales,local,adjective,
1217,empezó,he/she began,verb,empezar
1218,pobre,poor,adjective,
1219,debería,I/he/she should,verb,deber
1220,llevó,he/she carried,verb,llevar
1221,parlamento,parliament,noun,
1222,territorio,territory,noun,
1223,sale,he/she leaves,verb,salir
1224,treinta,thirty,adjective,
1225,coche,car,noun,
1226,clases,classes,noun,
1227,afirma,he/she affirms,verb,afirmar
1228,oficiales,official,adjective,
1229,diálogo,dialogue,noun,
1230,vi,I saw,verb,ver
1231,respeto,respect,noun,
1232,tratado,treaty,noun,
1233,llevaba,I/he/she carried,verb,llevar
1234,revista,magazine,noun,
1235,copa,cup,noun,
1236,pintura,painting,noun,
1237,nombres,names,noun,
1238,propósito,purpose,noun,
1239,leche,milk,noun,
1240,actualidad,present time,noun,
1241,constituye,it constitutes,verb,constituir
1242,tarea,task,noun,
1243,alcanzar,to reach,verb,alcanzar
1244,competencia,competition,noun,
1245,normas,norms,noun,
1246,plata,silver,noun,
1247,vecinos,neighbors,noun,
1248,fenómeno,phenomenon,noun,
1249,intención,intention,noun,
1250,dando,giving,verb,dar
1251,diputados,deputies,noun,
1252,judicial,judicial,adjective,
1253,cualquiera,anyone,pronoun,
1254,fe,faith,noun,
1255,jornada,workday,noun,
1256,italia,Italy,noun,
1257,ganar,to win,verb,ganar
1258,candidato,candidate,noun,
1259,calor,heat,noun,
1260,esperanza,hope,noun,
1261,recién,recently,adverb,
1262,suele,he/she usually does,verb,soler
1263,miles,thousands,noun,
1264,ritmo,rhythm,noun,
1265,vive,he/she lives,verb,vivir
1266,quizás,perhaps,adverb,
1267,pasos,steps,noun,
1268,sensación,sensation,noun,
1269,representación,representation,noun,
1270,presidencia,presidency,noun,
1271,triunfo,triumph,noun,
1272,ayuntamiento,city hall,noun,
1273,plantas,plants,noun,
1274,niña,girl,noun,
1275,frío,cold,adjective,
1276,tono,tone,noun,
1277,compañeros,companions,noun,
1278,quieren,they want,verb,querer
1279,pesos,pesos,noun,
1280,delante,in front,adverb,
1281,propias,own,adjective,
1282,plano,plane,noun,
1283,enfermedades,diseases,noun,
1284,institución,institution,noun,
1285,edificio,building,noun,
1286,nota,note,noun,
1287,franco,frank,adjective,
1288,jugar,to play,verb,jugar
1289,the,the,article,
1290,representa,he/she represents,verb,representar
1291,gesto,gesture,noun,
1292,mensaje,message,noun,
1293,vasco,Basque,adjective,
1294,pudiera,I/he/she could,verb,poder
1295,gómez,Gomez,noun,
1296,influencia,influence,noun,
1297,pocas,few,adjective,
1298,realizado,carried out,verb,realizar
1299,conducta,conduct,noun,
1300,objetos,objects,noun,
1301,tamaño,size,noun,
1302,provincia,province,noun,
1303,europeo,European,adjective,
1304,verde,green,adjective,
1305,informó,he/she informed,verb,informar
1306,escribir,to write,verb,escribir
1307,materiales,materials,noun,
1308,eduardo,Eduardo,noun,
1309,cumplir,to fulfill,verb,cumplir
1310,pidió,he/she asked for,verb,pedir
1311,alumnos,students,noun,
1312,ámbito,scope,noun,
1313,muertos,dead,adjective,
1314,explica,he/she explains,verb,explicar
1315,consecuencias,consequences,noun,
1316,refiere,he/she refers,verb,referir
1317,comer,to eat,verb,comer
1318,fines,purposes,noun,
1319,versión,version,noun,
1320,abierto,open,adjective,
1321,debate,debate,noun,
1322,barrio,neighborhood,noun,
1323,labor,labor,noun,
1324,fondos,funds,noun,
1325,justo,fair,adjective,
1326,tradición,tradition,noun,
1327,diferente,different,adjective,
1328,piensa,he/she thinks,verb,pensar
1329,tecnología,technology,noun,
1330,mantiene,he/she maintains,verb,mantener
1331,situaciones,situations,noun,
1332,fase,phase,noun,
1333,histórico,historic,adjective,
1334,agentes,agents,noun,
1335,planta,plant,noun,
1336,venezuela,Venezuela,noun,
1337,f,F,noun,
1338,actuación,performance,noun,
1339,iban,they went,verb,ir
1340,actos,acts,noun,
1341,posibles,possible,adjective,
1342,león,Leon,noun,
1343,mamá,mom,noun,
1344,velocidad,speed,noun,
1345,familiares,relatives,noun,
1346,especies,species,noun,
1347,cabe,it fits,verb,caber
1348,asamblea,assembly,noun,
1349,comunidades,communities,noun,
1350,museo,museum,noun,
1351,conferencia,conference,noun,
1352,prácticamente,practically,adverb,
1353,autoridad,authority,noun,
1354,sujeto,subject,noun,
1355,alfonso,Alfonso,noun,
1356,tratar,to try,verb,tratar
1357,hacerse,to become,verb,hacer
1358,pérdida,loss,noun,
1359,dificultades,difficulties,noun,
1360,rato,while,noun,
1361,pagar,to pay,verb,pagar
1362,colegio,school,noun,
1363,sabes,you know,verb,saber
1364,l,L,noun,
1365,personaje,character,noun,
1366,áreas,areas,noun,
1367,audiencia,audience,noun,
1368,doce,twelve,adjective,
1369,haga,I/he/she do/does,verb,hacer
1370,periódico,newspaper,noun,
1371,v,V,noun,
1372,distribución,distribution,noun,
1373,ausencia,absence,noun,
1374,entrevista,interview,noun,
1375,recibió,he/she received,verb,recibir
1376,añadió,he/she added,verb,añadir
1377,cocina,kitchen,noun,
1378,edición,edition,noun,
1379,económicos,economic,adjective,
1380,naturales,natural,adjective,
1381,parecer,to seem,verb,parecer
1382,santo,saint,noun,
1383,vieja,old,adjective,
1384,mario,Mario,noun,
1385,corresponde,it corresponds,verb,corresponder
1386,decidió,he/she decided,verb,decidir
1387,perú,Peru,noun,
1388,llegada,arrival,noun,
1389,comienza,he/she begins,verb,comenzar
1390,organizaciones,organizations,noun,
1391,tendencia,tendency,noun,
1392,escenario,stage,noun,
1393,definitiva,definitive,adjective,
1394,deberá,he/she will have to,verb,deber
1395,indicó,he/she indicated,verb,indicar
1396,noticia,news,noun,
1397,inglés,English,adjective,
1398,reina,queen,noun,
1399,ustedes,you,pronoun,
1400,madera,wood,noun,
1401,alemán,German,adjective,
1402,habitantes,inhabitants,noun,
1403,recibir,to receive,verb,recibir
1404,salvo,except,preposition,
1405,familias,families,noun,
1406,miembro,member,noun,
1407,escritor,writer,noun,
1408,conoce,he/she knows,verb,conocer
1409,cuidado,care,noun,
1410,identidad,identity,noun,
1411,quiso,he/she wanted,verb,querer
1412,pareja,couple,noun,
1413,evidente,evident,adjective,
1414,brasil,Brazil,noun,
1415,ciertos,certain,adjective,
1416,siguen,they follow,verb,seguir
1417,declaración,declaration,noun,
1418,cadena,chain,noun,
1419,acaba,he/she finishes,verb,acabar
1420,consiste,it consists,verb,consistir
1421,presentación,presentation,noun,
1422,cuentas,accounts,noun,
1423,azul,blue,adjective,
1424,década,decade,noun,
1425,puertas,doors,noun,
1426,comida,food,noun,
1427,inmediato,immediate,adjective,
1428,marca,brand,noun,
1429,antiguo,ancient,adjective,
1430,rojo,red,adjective,
1431,debemos,we must,verb,deber
1432,instante,instant,noun,
1433,operaciones,operations,noun,
1434,iniciativa,initiative,noun,
1435,caer,to fall,verb,caer
1436,luna,moon,noun,
1437,veía,I/he/she saw,verb,ver
1438,verdadero,true,adjective,
1439,habitación,room,noun,
1440,manifestó,he/she stated,verb,manifestar
1441,tío,uncle,noun,
1442,quedado,stayed,verb,quedar
1443,martes,Tuesday,noun,
1444,pleno,full,adjective,
1445,declaró,he/she declared,verb,declarar
1446,juegos,games,noun,
1447,mínimo,minimum,adjective,
1448,aparición,appearance,noun,
1449,estará,he/she will be,verb,estar
1450,transporte,transport,noun,
1451,ven,they see,verb,ver
1452,pretende,he/she intends,verb,pretender
1453,tantas,so many,adjective,
1454,sede,headquarters,noun,
1455,comportamiento,behavior,noun,
1456,periodistas,journalists,noun,
1457,animal,animal,noun,
1458,convertido,converted,verb,convertir
1459,brazo,arm,noun,
1460,hermanos,brothers,noun,
1461,rico,rich,adjective,
1462,anunció,he/she announced,verb,anunciar
1463,presupuesto,budget,noun,
1464,estrategia,strategy,noun,
1465,naciones,nations,noun,
1466,utilizar,to use,verb,utilizar
1467,buenas,good,adjective,
1468,compromiso,commitment,noun,
1469,acaso,perhaps,adverb,
1470,completo,complete,adjective,
1471,pelo,hair,noun,
1472,piedra,stone,noun,
1473,medicina,medicine,noun,
1474,campos,fields,noun,
1475,liga,league,noun,
1476,vaya,I/he/she go/goes,verb,ir
1477,disposición,disposition,noun,
1478,permanente,permanent,adjective,
1479,método,method,noun,
1480,sentía,I/he/she felt,verb,sentir
1481,próxima,next,adjective,
1482,tierras,lands,noun,
1483,error,error,noun,
1484,incremento,increase,noun,
1485,piso,floor,noun,
1486,socialistas,socialists,noun,
1487,similar,similar,adjective,
1488,viento,wind,noun,
1489,salvador,Salvador,noun,
1490,seres,beings,noun,
1491,posteriormente,subsequently,adverb,
1492,dispuesto,willing,adjective,
1493,poeta,poet,noun,
1494,económicas,economic,adjective,
1495,secreto,secret,noun,
1496,funcionamiento,functioning,noun,
1497,debajo,underneath,preposition,
1498,recordar,to remember,verb,recordar
1499,valencia,Valencia,noun,
1500,presentó,he/she presented,verb,presentar
1501,jueves,Thursday,noun,
1502,corriente,current,adjective,
1503,ingresos,income,noun,
1504,intento,I try,verb,intentar
1505,tuvieron,they had,verb,tener
1506,colores,colors,noun,
1507,altos,tall,adjective,
1508,sevilla,Seville,noun,
1509,hojas,leaves,noun,
1510,probablemente,probably,adverb,
1511,búsqueda,search,noun,
1512,pequeñas,small,adjective,
1513,oferta,offer,noun,
1514,washington,Washington,noun,
1515,cataluña,Catalonia,noun,
1516,oficina,office,noun,
1517,produjo,he/she produced,verb,producir
1518,soldados,soldiers,noun,
1519,pasada,past,adjective,
1520,volumen,volume,noun,
1521,parecen,they seem,verb,parecer
1522,causas,causes,noun,
1523,dieron,they gave,verb,dar
1524,división,division,noun,
1525,darle,to give him/her,verb,dar
1526,clave,key,noun,
1527,ana,Ana,noun,
1528,reciente,recent,adjective,
1529,votos,votes,noun,
1530,logró,he/she achieved,verb,lograr
1531,piernas,legs,noun,
1532,sirve,he/she serves,verb,servir
1533,carmen,Carmen,noun,
1534,deuda,debt,noun,
1535,noticias,news,noun,
1536,menores,minors,noun,
1537,querido,dear,adjective,
1538,pago,payment,noun,
1539,fig,fig,noun,
1540,recuerda,he/she remembers,verb,recordar
1541,podrán,they will be able,verb,poder
1542,independencia,independence,noun,
1543,ataque,attack,noun,
1544,igualmente,equally,adverb,
1545,necesaria,necessary,adjective,
1546,quedan,they remain,verb,quedar
1547,regional,regional,adjective,
1548,castro,Castro,noun,
1549,decisiones,decisions,noun,
1550,concepción,conception,noun,
1551,llegaron,they arrived,verb,llegar
1552,siente,he/she feels,verb,sentir
1553,juntos,together,adverb,
1554,sabemos,we know,verb,saber
1555,ropa,clothing,noun,
1556,parque,park,noun,
1557,empresarios,businessmen,noun,
1558,conmigo,with me,pronoun,
1559,procedimiento,procedure,noun,
1560,suma,sum,noun,
1561,elección,election,noun,
1562,leer,to read,verb,leer
1563,feliz,happy,adjective,
1564,ninguno,none,pronoun,
1565,continuación,continuation,noun,
1566,ministros,ministers,noun,
1567,verdadera,true,adjective,
1568,reacción,reaction,noun,
1569,podían,they could,verb,poder
1570,tanta,so much,adjective,
1571,tomó,he/she took,verb,tomar
1572,mente,mind,noun,
1573,tradicional,traditional,adjective,
1574,abierta,open,adjective,
1575,breve,brief,adjective,
1576,aparecen,they appear,verb,aparecer
1577,trataba,he/she was dealing with,verb,tratar
1578,recibido,received,adjective,
1579,mejorar,to improve,verb,mejorar
1580,ciertas,certain,adjective,
1581,aparte,apart,adverb,
1582,cárcel,jail,noun,
1583,entidad,entity,noun,
1584,investigaciones,investigations,noun,
1585,temperatura,temperature,noun,
1586,siento,I feel,verb,sentir
1587,londres,London,noun,
1588,directa,direct,adjective,
1589,portavoz,spokesperson,noun,
1590,eta,ETA,noun,
1591,responsables,responsible,adjective,
1592,ventana,window,noun,
1593,contrato,contract,noun,
1594,elemento,element,noun,
1595,privada,private,adjective,
1596,quince,fifteen,adjective,
1597,veo,I see,verb,ver
1598,os,you,pronoun,
1599,firma,signature,noun,
1600,incluye,he/she includes,verb,incluir
1601,pobres,poor,adjective,
1602,vas,you go,verb,ir
1603,abogado,lawyer,noun,
1604,presentar,to present,verb,presentar
1605,gobernador,governor,noun,
1606,próximos,next,adjective,
1607,jaime,Jaime,noun,
1608,hablando,speaking,verb,hablar
1609,canal,canal,noun,
1610,tráfico,traffic,noun,
1611,capitán,captain,noun,
1612,personalidad,personality,noun,
1613,género,gender,noun,
1614,generación,generation,noun,
1615,documentos,documents,noun,
1616,espectáculo,show,noun,
1617,vivo,I live,verb,vivir
1618,tendría,he/she would have,verb,tener
1619,preguntas,questions,noun,
1620,inmediatamente,immediately,adverb,
1621,cien,hundred,adjective,
1622,colaboración,collaboration,noun,
1623,hermana,sister,noun,
1624,conde,count,noun,
1625,mío,mine,pronoun,
1626,federación,federation,noun,
1627,cincuenta,fifty,adjective,
1628,sorpresa,surprise,noun,
1629,regiones,regions,noun,
1630,carga,load,noun,
1631,bienes,goods,noun,
1632,masa,mass,noun,
1633,cartas,letters,noun,
1634,reyes,kings,noun,
1635,principalmente,mainly,adverb,
1636,puestos,positions,noun,
1637,sombra,shadow,noun,
1638,andrés,Andrés,noun,
1639,criterios,criteria,noun,
1640,abrir,to open,verb,abrir
1641,cuyos,whose,pronoun,
1642,filosofía,philosophy,noun,
1643,miró,he/she looked,verb,mirar
1644,negra,black,adjective,
1645,margen,margin,noun,
1646,artista,artist,noun,
1647,constante,constant,adjective,
1648,encontraba,he/she was finding,verb,encontrar
1649,gastos,expenses,noun,
1650,morir,to die,verb,morir
1651,espacios,spaces,noun,
1652,figuras,figures,noun,
1653,miércoles,Wednesday,noun,
1654,venido,come,adjective,
1655,indica,he/she indicates,verb,indicar
1656,comienzo,beginning,noun,
1657,diseño,design,noun,
1658,cuarenta,forty,adjective,
1659,encontró,he/she found,verb,encontrar
1660,poesía,poetry,noun,
1661,t,t,other,
1662,planes,plans,noun,
1663,ee,EE,other,
1664,negocios,businesses,noun,
1665,integración,integration,noun,
1666,caída,fall,noun,
1667,entrega,delivery,noun,
1668,hacienda,estate,noun,
1669,acuerdos,agreements,noun,
1670,preciso,precise,adjective,
1671,cuello,neck,noun,
1672,banda,band,noun,
1673,suyo,his/hers,pronoun,
1674,realiza,he/she performs,verb,realizar
1675,frase,phrase,noun,
1676,bases,bases,noun,
1677,siglos,centuries,noun,
1678,decidido,decided,adjective,
1679,sentir,to feel,verb,sentir
1680,artistas,artists,noun,
1681,asegura,he/she assures,verb,asegurar
1682,culpa,blame,noun,
1683,original,original,adjective,
1684,únicamente,only,adverb,
1685,unidades,units,noun,
1686,ocurrió,it occurred,verb,ocurrir
1687,sexo,sex,noun,
1688,entra,he/she enters,verb,entrar
1689,hayan,they may have,verb,haber
1690,resolver,to resolve,verb,resolver
1691,misión,mission,noun,
1692,caja,box,noun,
1693,considerar,to consider,verb,considerar
1694,extranjeros,foreigners,noun,
1695,extremo,extreme,adjective,
1696,periodista,journalist,noun,
1697,reducción,reduction,noun,
1698,matrimonio,marriage,noun,
1699,quieres,you want,verb,querer
1700,mas,but,conjunction,
1701,películas,movies,noun,
1702,fui,I went,verb,ser/ir
1703,laboral,labor,adjective,
1704,importa,it matters,verb,importar
1705,seguía,he/she was following,verb,seguir
1706,negocio,business,noun,
1707,sexual,sexual,adjective,
1708,enseñanza,teaching,noun,
1709,agregó,he/she added,verb,agregar
1710,labios,lips,noun,
1711,resolución,resolution,noun,
1712,fundación,foundation,noun,
1713,hará,he/she will do,verb,hacer
1714,depende,it depends,verb,depender
1715,diego,Diego,noun,
1716,actor,actor,noun,
1717,técnicos,technicians,noun,
1718,belleza,beauty,noun,
1719,titular,holder,noun,
1720,roma,Rome,noun,
1721,logrado,achieved,adjective,
1722,víctimas,victims,noun,
1723,detalles,details,noun,
1724,europeos,Europeans,noun,
1725,caballo,horse,noun,
1726,huelga,strike,noun,
1727,carretera,road,noun,
1728,norteamericano,North American,adjective,
1729,producir,to produce,verb,producir
1730,antigua,ancient,adjective,
1731,alianza,alliance,noun,
1732,físico,physical,adjective,
1733,sacar,to take out,verb,sacar
1734,publicidad,advertising,noun,
1735,previsto,foreseen,adjective,
1736,entorno,environment,noun,
1737,preocupación,concern,noun,
1738,resistencia,resistance,noun,
1739,murió,he/she died,verb,morir
1740,éstas,these,pronoun,
1741,saben,they know,verb,saber
1742,generalmente,generally,adverb,
1743,h,h,other,
1744,dormir,to sleep,verb,dormir
1745,individuo,individual,noun,
1746,cuerpos,bodies,noun,
1747,corto,short,adjective,
1748,organismos,organisms,noun,
1749,especiales,special,adjective,
1750,internet,internet,noun,
1751,bancos,banks,noun,
1752,jugador,player,noun,
1753,esfuerzos,efforts,noun,
1754,beneficios,benefits,noun,
1755,terminar,to finish,verb,terminar
1756,equilibrio,balance,noun,
1757,oído,ear,noun,
1758,lectura,reading,noun,
1759,piezas,pieces,noun,
1760,límites,limits,noun,
1761,aproximadamente,approximately,adverb,
1762,abre,he/she opens,verb,abrir
1763,david,David,noun,
1764,llevado,carried,adjective,
1765,privado,private,adjective,
1766,salón,living room,noun,
1767,roberto,Roberto,noun,
1768,actuales,current,adjective,
1769,graves,serious,adjective,
1770,sonrisa,smile,noun,
1771,uu,UU,other,
1772,foto,photo,noun,
1773,perspectiva,perspective,noun,
1774,cifra,figure,noun,
1775,crédito,credit,noun,
1776,interesante,interesting,adjective,
1777,constitucional,constitutional,adjective,
1778,aceptar,to accept,verb,aceptar
1779,producido,produced,adjective,
1780,bolsa,bag,noun,
1781,factor,factor,noun,
1782,noches,nights,noun,
1783,reconocimiento,recognition,noun,
1784,juventud,youth,noun,
1785,habitual,habitual,adjective,
1786,categoría,category,noun,
1787,requiere,it requires,verb,requerir
1788,fuese,he/she were,verb,ser
1789,impresión,impression,noun,
1790,llamar,to call,verb,llamar
1791,duro,hard,adjective,
1792,universal,universal,adjective,
1793,explicar,to explain,verb,explicar
1794,presentan,they present,verb,presentar
1795,realización,realization,noun,
1796,rápido,fast,adjective,
1797,científicos,scientists,noun,
1798,serio,serious,adjective,
1799,científico,scientific,adjective,
1800,comprender,to understand,verb,comprender
1801,reino,kingdom,noun,
1802,preparación,preparation,noun,
1803,síntomas,symptoms,noun,
1804,recuperación,recovery,noun,
1805,utilización,utilization,noun,
1806,fuertes,strong,adjective,
1807,sonido,sound,noun,
1808,inteligencia,intelligence,noun,
1809,conversación,conversation,noun,
1810,establece,he/she establishes,verb,establecer
1811,hubiese,he/she had,verb,haber
1812,plena,full,adjective,
1813,venía,he/she was coming,verb,venir
1814,realizó,he/she performed,verb,realizar
1815,aznar,Aznar,noun,
1816,daniel,Daniel,noun,
1817,francesa,French,adjective,
1818,legal,legal,adjective,
1819,abrió,he/she opened,verb,abrir
1820,alegría,joy,noun,
1821,ojo,eye,noun,
1822,ocurrido,occurred,adjective,
1823,díaz,Díaz,noun,
1824,vuelto,returned,adjective,
1825,diputado,deputy,noun,
1826,correspondiente,corresponding,adjective,
1827,interna,internal,adjective,
1828,musical,musical,adjective,
1829,segundos,seconds,noun,
1830,recientemente,recently,adverb,
1831,empieza,he/she begins,verb,empezar
1832,decreto,decree,noun,
1833,china,China,noun,
1834,pareció,it seemed,verb,parecer
1835,células,cells,noun,
1836,suelen,they usually,verb,soler
1837,perfectamente,perfectly,adverb,
1838,azúcar,sugar,noun,
1839,inversiones,investments,noun,
1840,concentración,concentration,noun,
1841,espalda,back,noun,
1842,producen,they produce,verb,producir
1843,democrática,democratic,adjective,
1844,respondió,he/she responded,verb,responder
1845,sucede,it happens,verb,suceder
1846,contexto,context,noun,
1847,claramente,clearly,adverb,
1848,paredes,walls,noun,
1849,motivos,reasons,noun,
1850,ciencias,sciences,noun,
1851,tuve,I had,verb,tener
1852,isabel,Isabel,noun,
1853,argentino,Argentine,adjective,
1854,inicio,beginning,noun,
1855,mercados,markets,noun,
1856,métodos,methods,noun,
1857,estudiar,to study,verb,estudiar
1858,interpretación,interpretation,noun,
1859,culturales,cultural,adjective,
1860,prisión,prison,noun,
1861,llevan,they carry,verb,llevar
1862,amplio,wide,adjective,
1863,queremos,we want,verb,querer
1864,apertura,opening,noun,
1865,dedos,fingers,noun,
1866,vale,okay,other,
1867,creer,to believe,verb,creer
1868,voto,vote,noun,
1869,participar,to participate,verb,participar
1870,corrupción,corruption,noun,
1871,histórica,historical,adjective,
1872,teresa,Teresa,noun,
1873,papá,dad,noun,
1874,voces,voices,noun,
1875,pienso,I think,verb,pensar
1876,ángel,angel,noun,
1877,inicial,initial,adjective,
1878,escala,scale,noun,
1879,estrellas,stars,noun,
1880,página,page,noun,
1881,guatemala,Guatemala,noun,
1882,temor,fear,noun,
1883,encontrado,found,adjective,
1884,compra,purchase,noun,
1885,pensó,he/she thought,verb,pensar
1886,dudas,doubts,noun,
1887,reconocer,to recognize,verb,reconocer
1888,máxima,maximum,adjective,
1889,actuar,to act,verb,actuar
1890,reales,royal,adjective,
1891,universo,universe,noun,
1892,directo,direct,adjective,
1893,negociaciones,negotiations,noun,
1894,ricardo,Ricardo,noun,
1895,instalaciones,facilities,noun,
1896,artículos,articles,noun,
1897,aparato,device,noun,
1898,lleno,full,adjective,
1899,intelectual,intellectual,adjective,
1900,cifras,figures,noun,
1901,jardín,garden,noun,
1902,vacío,empty,adjective,
1903,ciclo,cycle,noun,
1904,valle,valley,noun,
1905,pensaba,he/she was thinking,verb,pensar
1906,forman,they form,verb,formar
1907,dirigente,leader,noun,
1908,pide,he/she asks,verb,pedir
1909,vehículos,vehicles,noun,
1910,cuestiones,issues,noun,
1911,puesta,put,adjective,
1912,llamó,he/she called,verb,llamar
1913,ruiz,Ruiz,noun,
1914,mostró,he/she showed,verb,mostrar
1915,pecho,chest,noun,
1916,honor,honor,noun,
1917,pedir,to ask,verb,pedir
1918,formar,to form,verb,formar
1919,numerosos,numerous,adjective,
1920,seguramente,surely,adverb,
1921,extraño,strange,adjective,
1922,recurso,resource,noun,
1923,independiente,independent,adjective,
1924,posiciones,positions,noun,
1925,sociedades,societies,noun,
1926,exteriores,exterior,adjective,
1927,cita,appointment,noun,
1928,periodo,period,noun,
1929,propuestas,proposals,noun,
1930,empleados,employees,noun,
1931,teniendo,having,verb,tener
1932,agencia,agency,noun,
1933,cuadros,paintings,noun,
1934,partida,departure,noun,
1935,tensión,tension,noun,
1936,raúl,Raúl,noun,
1937,mirar,to look,verb,mirar
1938,rica,rich,adjective,
1939,mexicano,Mexican,adjective,
1940,modelos,models,noun,
1941,regreso,return,noun,
1942,gobiernos,governments,noun,
1943,constituyen,they constitute,verb,constituir
1944,absoluta,absolute,adjective,
1945,clima,climate,noun,
1946,criterio,criterion,noun,
1947,latina,Latin,adjective,
1948,continúa,he/she continues,verb,continuar
1949,punta,tip,noun,
1950,amplia,wide,adjective,
1951,registro,record,noun,
1952,sesión,session,noun,
1953,patria,homeland,noun,
1954,posee,he/she possesses,verb,poseer
1955,entró,he/she entered,verb,entrar
1956,servir,to serve,verb,servir
1957,lluvia,rain,noun,
1958,ganado,cattle,noun,
1959,pasando,passing,verb,pasar
1960,construir,to build,verb,construir
1961,completa,complete,adjective,
1962,personales,personal,adjective,
1963,reducir,to reduce,verb,reducir
1964,desarrollar,to develop,verb,desarrollar
1965,alcance,reach,noun,
1966,deporte,sport,noun,
1967,pacto,pact,noun,
1968,elaboración,elaboration,noun,
1969,quedaba,he/she was staying,verb,quedar
1970,vicepresidente,vice president,noun,
1971,alcohol,alcohol,noun,
1972,etcétera,etcetera,other,
1973,fórmula,formula,noun,
1974,inferior,inferior,adjective,
1975,tasa,rate,noun,
1976,expertos,experts,noun,
1977,extranjero,foreign,adjective,
1978,diciendo,saying,verb,decir
1979,olvidar,to forget,verb,olvidar
1980,presentes,present,adjective,
1981,pensando,thinking,verb,pensar
1982,esperaba,he/she was waiting,verb,esperar
1983,código,code,noun,
1984,cooperación,cooperation,noun,
1985,fotografía,photography,noun,
1986,batalla,battle,noun,
1987,alternativa,alternative,noun,
1988,nacido,born,adjective,
1989,árboles,trees,noun,
1990,penal,penal,adjective,
1991,llena,full,adjective,
1992,siguió,he/she followed,verb,seguir
1993,hablaba,he/she was speaking,verb,hablar
1994,turismo,tourism,noun,
1995,papeles,papers,noun,
1996,menudo,small,adjective,
1997,angel,Angel,noun,
1998,papa,pope,noun,
1999,populares,popular,adjective,
2000,estación,station,noun,
2001,rápidamente,quickly,adverb,
2002,sección,section,noun,
2003,determinado,determined,adjective,
2004,convertirse,to become,verb,convertirse
2005,global,global,adjective,
2006,negociación,negotiation,noun,
2007,instrumento,instrument,noun,
2008,dura,hard/tough,adjective,
2009,significado,meaning,noun,
2010,intensidad,intensity,noun,
2011,posterior,later/posterior,adjective,
2012,múltiples,multiple,adjective,
2013,gas,gas,noun,
2014,nuevamente,again,adverb,
2015,hierro,iron,noun,
2016,seguido,followed,adjective,
2017,once,eleven,noun,
2018,conseguido,achieved,adjective,
2019,di,I gave,verb,dar
2020,soledad,loneliness,noun,
2021,mirando,looking,verb,mirar
2022,presentado,presented,adjective,
2023,instrumentos,instruments,noun,
2024,supo,he/she knew,verb,saber
2025,disco,disc/record,noun,
2026,festival,festival,noun,
2027,llegan,they arrive,verb,llegar
2028,mezcla,mixture,noun,
2029,drogas,drugs,noun,
2030,vivienda,housing,noun,
2031,x,x,noun,
2032,escuchar,to listen,verb,escuchar
2033,coronel,colonel,noun,
2034,completamente,completely,adverb,
2035,ideal,ideal,adjective,
2036,cáncer,cancer,noun,
2037,textos,texts,noun,
2038,hambre,hunger,noun,
2039,solidaridad,solidarity,noun,
2040,vicente,Vicente,noun,
2041,continuar,to continue,verb,continuar
2042,porcentaje,percentage,noun,
2043,artes,arts,noun,
2044,vienen,they come,verb,venir
2045,iii,III,noun,
2046,villa,villa/town,noun,
2047,ah,ah,other,
2048,nicaragua,Nicaragua,noun,
2049,hacían,they used to do,verb,hacer
2050,lector,reader,noun,
2051,estructuras,structures,noun,
2052,venir,to come,verb,venir
2053,castillo,castle,noun,
2054,opción,option,noun,
2055,comentó,he/she commented,verb,comentar
2056,sindicatos,unions,noun,
2057,ganó,he/she won,verb,ganar
2058,amenaza,threat,noun,
2059,representante,representative,noun,
2060,comerciales,commercial,adjective,
2061,puedes,you can,verb,poder
2062,planeta,planet,noun,
2063,perdió,he/she lost,verb,perder
2064,beneficio,benefit,noun,
2065,miami,Miami,noun,
2066,buscando,looking for,verb,buscar
2067,sentimientos,feelings,noun,
2068,comprar,to buy,verb,comprar
2069,quedar,to stay/remain,verb,quedar
2070,accidente,accident,noun,
2071,ventaja,advantage,noun,
2072,impuesto,tax,noun,
2073,dejando,leaving,verb,dejar
2074,distinto,different,adjective,
2075,tía,aunt,noun,
2076,semejante,similar,adjective,
2077,españolas,Spanish,adjective,
2078,occidental,western,adjective,
2079,capaces,capable,adjective,
2080,científica,scientific,adjective,
2081,tengan,they have,verb,tener
2082,ruido,noise,noun,
2083,individuos,individuals,noun,
2084,víctima,victim,noun,
2085,vestido,dress,noun,
2086,comunista,communist,adjective,
2087,moda,fashion,noun,
2088,títulos,titles,noun,
2089,diagnóstico,diagnosis,noun,
2090,experiencias,experiences,noun,
2091,espejo,mirror,noun,
2092,puente,bridge,noun,
2093,ingreso,income,noun,
2094,sueños,dreams,noun,
2095,vehículo,vehicle,noun,
2096,convierte,he/she converts,verb,convertir
2097,viejos,old,adjective,
2098,empezar,to start,verb,empezar
2099,profesores,professors,noun,
2100,pasión,passion,noun,
2101,basta,it is enough,verb,bastar
2102,democrático,democratic,adjective,
2103,sintió,he/she felt,verb,sentir
2104,dijeron,they said,verb,decir
2105,comunes,common,adjective,
2106,sentimiento,feeling,noun,
2107,sentencia,sentence/verdict,noun,
2108,estatal,state,adjective,
2109,madrugada,early morning,noun,
2110,moderna,modern,adjective,
2111,impacto,impact,noun,
2112,complejo,complex,adjective,
2113,denuncia,complaint/report,noun,
2114,toro,bull,noun,
2115,víctor,Victor,noun,
2116,tabla,table/board,noun,
2117,delito,crime,noun,
2118,ventas,sales,noun,
2119,dominio,domain,noun,
2120,entidades,entities,noun,
2121,superiores,superior,adjective,
2122,candidatos,candidates,noun,
2123,gloria,glory,noun,
2124,índice,index,noun,
2125,indios,Indians,noun,
2126,raíz,root,noun,
2127,john,John,noun,
2128,xix,XIX,noun,
2129,recordó,he/she remembered,verb,recordar
2130,absoluto,absolute,adjective,
2131,agricultura,agriculture,noun,
2132,marcos,Marcos,noun,
2133,composición,composition,noun,
2134,cuándo,when,adverb,
2135,joaquín,Joaquin,noun,
2136,terminó,he/she finished,verb,terminar
2137,fueran,they were,verb,ser/ir
2138,asistencia,assistance,noun,
2139,explicación,explanation,noun,
2140,torres,towers,noun,
2141,lógica,logic,noun,
2142,triste,sad,adjective,
2143,avión,airplane,noun,
2144,enfermo,sick,adjective,
2145,cuyas,whose,pronoun,
2146,excepción,exception,noun,
2147,habló,he/she spoke,verb,hablar
2148,placer,pleasure,noun,
2149,humor,humor,noun,
2150,mecanismos,mechanisms,noun,
2151,cerebro,brain,noun,
2152,caliente,hot,adjective,
2153,excelente,excellent,adjective,
2154,darse,to give oneself,verb,darse
2155,conocimientos,knowledge,noun,
2156,príncipe,prince,noun,
2157,religión,religion,noun,
2158,ganas,desire,noun,
2159,críticas,criticisms,noun,
2160,profunda,deep,adjective,
2161,manifestaciones,demonstrations,noun,
2162,dosis,dose,noun,
2163,baño,bathroom,noun,
2164,paro,unemployment,noun,
2165,profundo,deep,adjective,
2166,conceptos,concepts,noun,
2167,depresión,depression,noun,
2168,altas,high,adjective,
2169,pared,wall,noun,
2170,liberación,liberation,noun,
2171,estrella,star,noun,
2172,duración,duration,noun,
2173,perro,dog,noun,
2174,intentar,to try,verb,intentar
2175,aumentar,to increase,verb,aumentar
2176,asesinato,murder,noun,
2177,órdenes,orders,noun,
2178,ignacio,Ignacio,noun,
2179,roja,red,adjective,
2180,permiten,they allow,verb,permitir
2181,despacho,office,noun,
2182,añade,he/she adds,verb,añadir
2183,poca,little,adjective,
2184,recibe,he/she receives,verb,recibir
2185,muchacho,boy,noun,
2186,considerado,considered,adjective,
2187,conversaciones,conversations,noun,
2188,tendrán,they will have,verb,tener
2189,definición,definition,noun,
2190,viven,they live,verb,vivir
2191,consideran,they consider,verb,considerar
2192,restos,remains,noun,
2193,tomado,taken,adjective,
2194,estadio,stadium,noun,
2195,actores,actors,noun,
2196,debió,he/she must have,verb,deber
2197,conviene,it is convenient,verb,convenir
2198,errores,errors,noun,
2199,negros,black,adjective,
2200,humanidad,humanity,noun,
2201,individual,individual,adjective,
2202,hogar,home,noun,
2203,conocida,known,adjective,
2204,acontecimientos,events,noun,
2205,minuto,minute,noun,
2206,millón,million,noun,
2207,pantalla,screen,noun,
2208,estadounidense,American,adjective,
2209,progreso,progress,noun,
2210,inició,he/she started,verb,iniciar
2211,pieza,piece,noun,
2212,firme,firm,adjective,
2213,fundamentales,fundamental,adjective,
2214,olor,smell,noun,
2215,gracia,grace,noun,
2216,autonomía,autonomy,noun,
2217,esencial,essential,adjective,
2218,exige,he/she demands,verb,exigir
2219,viva,alive,adjective,
2220,norteamericana,North American,adjective,
2221,nacimiento,birth,noun,
2222,polvo,dust,noun,
2223,castilla,Castile,noun,
2224,fundamentalmente,fundamentally,adverb,
2225,impuestos,taxes,noun,
2226,implica,it implies,verb,implicar
2227,utiliza,he/she uses,verb,utilizar
2228,totalidad,totality,noun,
2229,discusión,discussion,noun,
2230,italiano,Italian,adjective,
2231,postura,posture,noun,
2232,clientes,clients,noun,
2233,luces,lights,noun,
2234,encontramos,we find,verb,encontrar
2235,liberal,liberal,adjective,
2236,interno,internal,adjective,
2237,dientes,teeth,noun,
2238,sesenta,sixty,noun,
2239,exactamente,exactly,adverb,
2240,compañero,companion,noun,
2241,cuento,story,noun,
2242,virus,virus,noun,
2243,tareas,tasks,noun,
2244,evaluación,evaluation,noun,
2245,máquina,machine,noun,
2246,funcionario,official,noun,
2247,señalar,to point out,verb,señalar
2248,residencia,residence,noun,
2249,absolutamente,absolutely,adverb,
2250,dolores,pains,noun,
2251,nació,he/she was born,verb,nacer
2252,sebastián,Sebastian,noun,
2253,ánimo,spirit,noun,
2254,caminos,roads,noun,
2255,torneo,tournament,noun,
2256,acabar,to finish,verb,acabar
2257,gol,goal,noun,
2258,fracaso,failure,noun,
2259,recorrido,route,noun,
2260,contiene,it contains,verb,contener
2261,eficacia,efficacy,noun,
2262,policías,police officers,noun,
2263,suárez,Suarez,noun,
2264,inglaterra,England,noun,
2265,concreto,concrete,adjective,
2266,determinar,to determine,verb,determinar
2267,haberse,to have oneself,verb,haberse
2268,reglas,rules,noun,
2269,clinton,Clinton,noun,
2270,ríos,rivers,noun,
2271,redacción,writing,noun,
2272,localidad,locality,noun,
2273,escuelas,schools,noun,
2274,distinta,different,adjective,
2275,seguida,followed,adjective,
2276,paisaje,landscape,noun,
2277,comprobar,to verify,verb,comprobar
2278,numerosas,numerous,adjective,
2279,creciente,growing,adjective,
2280,hernández,Hernandez,noun,
2281,serían,they would be,verb,ser
2282,césar,Cesar,noun,
2283,crimen,crime,noun,
2284,conocía,he/she knew,verb,conocer
2285,pintor,painter,noun,
2286,suya,his/hers,pronoun,
2287,definitivamente,definitely,adverb,
2288,propiedades,properties,noun,
2289,cierre,closure,noun,
2290,jueces,judges,noun,
2291,ofrecer,to offer,verb,ofrecer
2292,estaría,he/she would be,verb,estar
2293,frontera,border,noun,
2294,virgen,virgin,noun,
2295,clasificación,classification,noun,
2296,municipales,municipal,adjective,
2297,marina,marina/navy,noun,
2298,abuela,grandmother,noun,
2299,componentes,components,noun,
2300,adecuada,adequate,adjective,
2301,resultó,it turned out,verb,resultar
2302,esperando,waiting,verb,esperar
2303,oscuro,dark,adjective,
2304,parecido,similar,adjective,
2305,detenido,detained,adjective,
2306,gasto,expense,noun,
2307,malo,bad,adjective,
2308,pura,pure,adjective,
2309,investigadores,researchers,noun,
2310,cargos,charges,noun,
2311,cayó,he/she fell,verb,caer
2312,pasaba,he/she was passing,verb,pasar
2313,abandonar,to abandon,verb,abandonar
2314,sierra,mountain range,noun,
2315,lima,Lima,noun,
2316,apareció,he/she appeared,verb,aparecer
2317,secretaría,secretariat,noun,
2318,pausa,pause,noun,
2319,prácticas,practices,noun,
2320,cortés,polite,adjective,
2321,siguiendo,following,verb,seguir
2322,conclusión,conclusion,noun,
2323,habana,Havana,noun,
2324,convirtió,he/she became,verb,convertir
2325,hipótesis,hypothesis,noun,
2326,editorial,editorial,noun,
2327,petróleo,oil,noun,
2328,estén,they are,verb,estar
2329,playa,beach,noun,
2330,invierno,winter,noun,
2331,convenio,agreement,noun,
2332,infantil,child/infantile,adjective,
2333,extensión,extension,noun,
2334,horno,oven,noun,
2335,límite,limit,noun,
2336,elegido,elected,adjective,
2337,concurso,contest,noun,
2338,japón,Japan,noun,
2339,probable,probable,adjective,
2340,observar,to observe,verb,observar
2341,déficit,deficit,noun,
2342,reconoce,he/she recognizes,verb,reconocer
2343,anual,annual,adjective,
2344,trabajando,working,verb,trabajar
2345,responde,he/she responds,verb,responder
2346,tren,train,noun,
2347,presidencial,presidential,adjective,
2348,vías,ways,noun,
2349,interesa,it interests,verb,interesar
2350,supremo,supreme,adjective,
2351,enemigo,enemy,noun,
2352,respectivamente,respectively,adverb,
2353,dificultad,difficulty,noun,
2354,similares,similar,adjective,
2355,entiende,he/she understands,verb,entender
2356,morales,moral,adjective,
2357,alimentación,nutrition,noun,
2358,norma,norm,noun,
2359,mental,mental,adjective,
2360,soluciones,solutions,noun,
2361,adecuado,adequate,adjective,
2362,cuánto,how much,adverb,
2363,santos,saints,noun,
2364,amistad,friendship,noun,
2365,derrota,defeat,noun,
2366,consiguió,he/she achieved,verb,conseguir
2367,positivo,positive,adjective,
2368,compañías,companies,noun,
2369,ejecución,execution,noun,
2370,expresó,he/she expressed,verb,expresar
2371,embajador,ambassador,noun,
2372,tomás,Tomas,noun,
2373,dulce,sweet,adjective,
2374,promedio,average,noun,
2375,letras,letters,noun,
2376,cuesta,it costs,verb,costar
2377,academia,academy,noun,
2378,mando,command,noun,
2379,costumbre,custom,noun,
2380,colectivo,collective,adjective,
2381,piedras,stones,noun,
2382,rasgos,traits,noun,
2383,industriales,industrial,adjective,
2384,mía,mine,pronoun,
2385,protesta,protest,noun,
2386,viajes,trips,noun,
2387,chica,girl,noun,
2388,periódicos,newspapers,noun,
2389,moneda,currency,noun,
2390,órganos,organs,noun,
2391,comunicado,statement,noun,
2392,mantenimiento,maintenance,noun,
2393,geografía,geography,noun,
2394,manejo,handling,noun,
2395,fría,cold,adjective,
2396,patrimonio,heritage,noun,
2397,exclusivamente,exclusively,adverb,
2398,antiguos,ancient,adjective,
2399,universidades,universities,noun,
2400,frecuente,frequent,adjective,
2401,oficio,trade,noun,
2402,ayudar,to help,verb,ayudar
2403,pedido,order,noun,
2404,superar,to overcome,verb,superar
2405,auto,car,noun,
2406,relato,story,noun,
2407,unido,united,adjective,
2408,sentado,seated,adjective,
2409,quisiera,I would like,verb,querer
2410,detalle,detail,noun,
2411,quedaron,they stayed,verb,quedar
2412,obligado,obligated,adjective,
2413,libres,free,adjective,
2414,panamá,Panama,noun,
2415,acabó,he/she finished,verb,acabar
2416,aeropuerto,airport,noun,
2417,pobreza,poverty,noun,
2418,reflexión,reflection,noun,
2419,cumbre,summit,noun,
2420,imaginación,imagination,noun,
2421,cubano,Cuban,adjective,
2422,solar,solar,adjective,
2423,costo,cost,noun,
2424,hubieran,they had,verb,haber
2425,tesis,thesis,noun,
2426,catalán,Catalan,adjective,
2427,armadas,armed,adjective,
2428,hice,I did,verb,hacer
2429,oír,to hear,verb,oír
2430,dada,given,adjective,
2431,estabilidad,stability,noun,
2432,vaso,glass,noun,
2433,mecanismo,mechanism,noun,
2434,escribe,he/she writes,verb,escribir
2435,aprender,to learn,verb,aprender
2436,cambiado,changed,adjective,
2437,bilbao,Bilbao,noun,
2438,naturalmente,naturally,adverb,
2439,comandante,commander,noun,
2440,potencia,power,noun,
2441,toros,bulls,noun,
2442,puro,pure,adjective,
2443,elegir,to choose,verb,elegir
2444,facultad,faculty,noun,
2445,ocupa,he/she occupies,verb,ocupar
2446,patio,courtyard,noun,
2447,recuperar,to recover,verb,recuperar
2448,corta,short,adjective,
2449,pase,pass,noun,
2450,necesarios,necessary,adjective,
2451,responder,to respond,verb,responder
2452,reuniones,meetings,noun,
2453,daño,damage,noun,
2454,trabaja,he/she works,verb,trabajar
2455,promoción,promotion,noun,
2456,ingredientes,ingredients,noun,
2457,descubrir,to discover,verb,descubrir
2458,viviendas,dwellings,noun,
2459,señal,signal,noun,
2460,clínica,clinic,noun,
2461,tradicionales,traditional,adjective,
2462,loco,crazy,adjective,
2463,paseo,walk,noun,
2464,arena,sand,noun,
2465,consideración,consideration,noun,
2466,deberán,they must,verb,deber
2467,esquema,scheme,noun,
2468,creado,created,adjective,
2469,utilizado,used,adjective,
2470,establecido,established,adjective,
2471,concierto,concert,noun,
2472,manifestación,demonstration,noun,
2473,enfermos,sick,adjective,
2474,rechazo,rejection,noun,
2475,salido,gone out,adjective,
2476,dejan,they leave,verb,dejar
2477,israel,Israel,noun,
2478,consciente,conscious,adjective,
2479,propone,he/she proposes,verb,proponer
2480,manifiesto,manifest,noun,
2481,publicado,published,adjective,
2482,ejemplos,examples,noun,
2483,llamaba,he/she used to call,verb,llamar
2484,barco,boat,noun,
2485,usar,to use,verb,usar
2486,signo,sign,noun,
2487,afecta,it affects,verb,afectar
2488,árbol,tree,noun,
2489,riqueza,wealth,noun,
2490,difusión,diffusion,noun,
2491,quiera,he/she wants,verb,querer
2492,disciplina,discipline,noun,
2493,vemos,we see,verb,ver
2494,felicidad,happiness,noun,
2495,mejora,improvement,noun,
2496,dirige,he/she directs,verb,dirigir
2497,correr,to run,verb,correr
2498,dimensión,dimension,noun,
2499,oscar,Oscar,noun,
2500,petición,petition,noun,
2501,transformación,transformation,noun,
2502,notable,notable,adjective,
2503,pista,track,noun,
2504,andalucía,Andalusia,noun,
2505,marta,Marta,noun,
2506,realizada,carried out,adjective,
2507,aplicar,to apply,verb,aplicar
2508,cena,dinner,noun,
2509,eléctrica,electric,adjective,
2510,enviado,sent,adjective,
2511,modos,ways,noun,
2512,fortuna,fortune,noun,
2513,conflictos,conflicts,noun,
2514,infancia,childhood,noun,
2515,permitió,he/she allowed,verb,permitir
2516,campesinos,peasants,noun,
2517,tercero,third,adjective,
2518,desea,he/she wishes,verb,desear
2519,sida,AIDS,noun,
2520,obligación,obligation,noun,
2521,oriente,east,noun,
2522,colección,collection,noun,
2523,eficaz,effective,adjective,
2524,exceso,excess,noun,
2525,evidencia,evidence,noun,
2526,poderes,powers,noun,
2527,demostrar,to demonstrate,verb,demostrar
2528,muestran,they show,verb,mostrar
2529,protagonista,protagonist,noun,
2530,alcanza,he/she reaches,verb,alcanzar
2531,recuerdos,memories,noun,
2532,montaña,mountain,noun,
2533,dictadura,dictatorship,noun,
2534,observa,he/she observes,verb,observar
2535,indígenas,indigenous,adjective,
2536,pasan,they pass,verb,pasar
2537,ortega,Ortega,noun,
2538,claridad,clarity,noun,
2539,estuviera,I/he/she were,verb,estar
2540,consulta,consultation,noun,
2541,financiero,financial,adjective,
2542,inflación,inflation,noun,
2543,senado,senate,noun,
2544,tropas,troops,noun,
2545,mexicana,Mexican,adjective,
2546,correspondientes,corresponding,adjective,
2547,levantó,he/she raised,verb,levantar
2548,vuelo,flight,noun,
2549,imperio,empire,noun,
2550,gana,he/she wins,verb,ganar
2551,agente,agent,noun,
2552,respuestas,answers,noun,
2553,civiles,civil,adjective,
2554,pierde,he/she loses,verb,perder
2555,moderno,modern,adjective,
2556,homenaje,tribute,noun,
2557,establecimiento,establishment,noun,
2558,crea,he/she creates,verb,crear
2559,fiestas,parties,noun,
2560,números,numbers,noun,
2561,controlar,to control,verb,controlar
2562,tratando,trying,verb,tratar
2563,intenta,he/she tries,verb,intentar
2564,circulación,circulation,noun,
2565,reserva,reserve,noun,
2566,silla,chair,noun,
2567,franceses,French,adjective,
2568,expresa,he/she expresses,verb,expresar
2569,escribió,he/she wrote,verb,escribir
2570,virtud,virtue,noun,
2571,satisfacción,satisfaction,noun,
2572,huevos,eggs,noun,
2573,vos,you,pronoun,
2574,descenso,descent,noun,
2575,terrorismo,terrorism,noun,
2576,ecuador,Ecuador,noun,
2577,chico,boy,noun,
2578,segura,safe,adjective,
2579,contó,he/she told,verb,contar
2580,líderes,leaders,noun,
2581,lentamente,slowly,adverb,
2582,historias,stories,noun,
2583,galicia,Galicia,noun,
2584,acompañado,accompanied,adjective,
2585,décadas,decades,noun,
2586,reconoció,he/she recognized,verb,reconocer
2587,hago,I do,verb,hacer
2588,apartado,section,noun,
2589,feria,fair,noun,
2590,rueda,wheel,noun,
2591,usuarios,users,noun,
2592,útil,useful,adjective,
2593,emilio,Emilio,noun,
2594,cumplimiento,compliance,noun,
2595,transición,transition,noun,
2596,campeón,champion,noun,
2597,xx,XX,noun,
2598,verse,to be seen,verb,verse
2599,anteriormente,previously,adverb,
2600,defender,to defend,verb,defender
2601,cuáles,which ones,pronoun,
2602,hecha,made,adjective,
2603,remedio,remedy,noun,
2604,ponen,they put,verb,poner
2605,debo,I must,verb,deber
2606,procedimientos,procedures,noun,
2607,gritos,screams,noun,
2608,círculo,circle,noun,
2609,norteamericanos,North Americans,noun,
2610,rojas,red,adjective,
2611,dirigido,directed,adjective,
2612,delitos,crimes,noun,
2613,avenida,avenue,noun,
2614,alonso,Alonso,noun,
2615,obtuvo,he/she obtained,verb,obtener
2616,matar,to kill,verb,matar
2617,cortes,courts,noun,
2618,grados,degrees,noun,
2619,previamente,previously,adverb,
2620,publicación,publication,noun,
2621,aprendizaje,learning,noun,
2622,motor,motor,noun,
2623,crítico,critical,adjective,
2624,señores,gentlemen,noun,
2625,muchacha,girl,noun,
2626,rumbo,direction,noun,
2627,trato,treatment,noun,
2628,arquitectura,architecture,noun,
2629,querer,to want,verb,querer
2630,encargado,person in charge,noun,
2631,pensé,I thought,verb,pensar
2632,distrito,district,noun,
2633,rápida,fast,adjective,
2634,ay,oh,other,
2635,campeonato,championship,noun,
2636,gabriel,Gabriel,noun,
2637,maestros,teachers,noun,
2638,reformas,reforms,noun,
2639,explotación,exploitation,noun,
2640,católica,Catholic,adjective,
2641,contenidos,contents,noun,
2642,sustancias,substances,noun,
2643,regresar,to return,verb,regresar
2644,formado,formed,adjective,
2645,creía,I/he/she believed,verb,creer
2646,juzgado,court,noun,
2647,bolivia,Bolivia,noun,
2648,famoso,famous,adjective,
2649,avance,advance,noun,
2650,particulares,private,adjective,
2651,usa,he/she uses,verb,usar
2652,cerrar,to close,verb,cerrar
2653,aprobación,approval,noun,
2654,llamadas,calls,noun,
2655,termina,he/she finishes,verb,terminar
2656,borde,edge,noun,
2657,fenómenos,phenomena,noun,
2658,of,of,preposition,
2659,metro,meter,noun,
2660,corrientes,currents,noun,
2661,dedicado,dedicated,adjective,
2662,zaragoza,Zaragoza,noun,
2663,creen,they believe,verb,creer
2664,continente,continent,noun,
2665,ventajas,advantages,noun,
2666,clásico,classic,adjective,
2667,orquesta,orchestra,noun,
2668,oye,he/she hears,verb,oír
2669,analizar,to analyze,verb,analizar
2670,ernesto,Ernesto,noun,
2671,cuentan,they count,verb,contar
2672,diarios,newspapers,noun,
2673,dueño,owner,noun,
2674,actitudes,attitudes,noun,
2675,bajar,to go down,verb,bajar
2676,telefónica,telephone,adjective,
2677,rusia,Russia,noun,
2678,coalición,coalition,noun,
2679,gustaría,I/he/she would like,verb,gustar
2680,cerrado,closed,adjective,
2681,descubierto,discovered,adjective,
2682,urbano,urban,adjective,
2683,atentado,attack,noun,
2684,deportivo,sports,adjective,
2685,viendo,seeing,verb,ver
2686,órgano,organ,noun,
2687,asociaciones,associations,noun,
2688,instalación,installation,noun,
2689,hombros,shoulders,noun,
2690,introducción,introduction,noun,
2691,demostrado,demonstrated,adjective,
2692,determinados,certain,adjective,
2693,mostrar,to show,verb,mostrar
2694,atmósfera,atmosphere,noun,
2695,gentes,people,noun,
2696,moreno,Moreno,noun,
2697,sabido,known,adjective,
2698,diga,I/he/she say,verb,decir
2699,vender,to sell,verb,vender
2700,dejaba,I/he/she was leaving,verb,dejar
2701,polémica,controversy,noun,
2702,guillermo,Guillermo,noun,
2703,vacaciones,vacation,noun,
2704,vidas,lives,noun,
2705,mediados,mid,noun,
2706,subir,to go up,verb,subir
2707,iniciar,to start,verb,iniciar
2708,droga,drug,noun,
2709,iv,IV,noun,
2710,asegurar,to ensure,verb,asegurar
2711,entusiasmo,enthusiasm,noun,
2712,prestigio,prestige,noun,
2713,centrales,central,adjective,
2714,edificios,buildings,noun,
2715,contestó,he/she answered,verb,contestar
2716,extraña,strange,adjective,
2717,signos,signs,noun,
2718,cristo,Christ,noun,
2719,permitir,to allow,verb,permitir
2720,sensibilidad,sensitivity,noun,
2721,lógico,logical,adjective,
2722,terminado,finished,adjective,
2723,bar,bar,noun,
2724,comenzaron,they began,verb,comenzar
2725,ciudadano,citizen,noun,
2726,actuaciones,performances,noun,
2727,particularmente,particularly,adverb,
2728,especialistas,specialists,noun,
2729,canciones,songs,noun,
2730,golpes,blows,noun,
2731,pertenece,he/she belongs,verb,pertenecer
2732,legislación,legislation,noun,
2733,delegación,delegation,noun,
2734,anoche,last night,adverb,
2735,dignidad,dignity,noun,
2736,armada,navy,noun,
2737,unidas,united,adjective,
2738,citado,cited,adjective,
2739,conveniente,convenient,adjective,
2740,empresario,businessman,noun,
2741,llaman,they call,verb,llamar
2742,presos,prisoners,noun,
2743,expansión,expansion,noun,
2744,radical,radical,adjective,
2745,advirtió,he/she warned,verb,advertir
2746,tomando,taking,verb,tomar
2747,comenzar,to begin,verb,comenzar
2748,conforme,in accordance,adjective,
2749,detenidos,detainees,noun,
2750,deseos,wishes,noun,
2751,impulso,impulse,noun,
2752,dispone,he/she has available,verb,disponer
2753,necesarias,necessary,adjective,
2754,esquina,corner,noun,
2755,productores,producers,noun,
2756,ponerse,to put on,verb,ponerse
2757,destaca,he/she stands out,verb,destacar
2758,mantuvo,he/she maintained,verb,mantener
2759,cola,tail,noun,
2760,tuviera,I/he/she had,verb,tener
2761,inmediata,immediate,adjective,
2762,mexicanos,Mexicans,noun,
2763,socios,partners,noun,
2764,bajas,low,adjective,
2765,informes,reports,noun,
2766,romero,Romero,noun,
2767,jefes,bosses,noun,
2768,argumento,argument,noun,
2769,cultivo,cultivation,noun,
2770,vivía,I/he/she was living,verb,vivir
2771,opiniones,opinions,noun,
2772,reloj,watch,noun,
2773,in,in,preposition,
2774,habido,there has been,verb,haber
2775,riesgos,risks,noun,
2776,meta,goal,noun,
2777,gonzalo,Gonzalo,noun,
2778,laboratorio,laboratory,noun,
2779,comunicaciones,communications,noun,
2780,medias,stockings,noun,
2781,elena,Elena,noun,
2782,escolar,school,adjective,
2783,danza,dance,noun,
2784,terrible,terrible,adjective,
2785,notas,notes,noun,
2786,entero,entire,adjective,
2787,suave,soft,adjective,
2788,alejandro,Alejandro,noun,
2789,activa,active,adjective,
2790,dirigida,directed,adjective,
2791,eje,axis,noun,
2792,variedad,variety,noun,
2793,fácilmente,easily,adverb,
2794,canción,song,noun,
2795,cantidades,quantities,noun,
2796,orientación,orientation,noun,
2797,fotos,photos,noun,
2798,definir,to define,verb,definir
2799,masas,masses,noun,
2800,tabaco,tobacco,noun,
2801,aventura,adventure,noun,
2802,próximas,next,adjective,
2803,pude,I could,verb,poder
2804,llegaba,I/he/she was arriving,verb,llegar
2805,conocidos,acquaintances,noun,
2806,raíces,roots,noun,
2807,gravedad,gravity,noun,
2808,blancos,white,adjective,
2809,gabinete,cabinet,noun,
2810,alfredo,Alfredo,noun,
2811,municipio,municipality,noun,
2812,arroz,rice,noun,
2813,potencial,potential,adjective,
2814,islas,islands,noun,
2815,goles,goals,noun,
2816,oportunidades,opportunities,noun,
2817,estuvieron,they were,verb,estar
2818,caballero,gentleman,noun,
2819,colocar,to place,verb,colocar
2820,comentarios,comments,noun,
2821,profundidad,depth,noun,
2822,comprensión,understanding,noun,
2823,panorama,panorama,noun,
2824,otan,NATO,noun,
2825,revolucionario,revolutionary,adjective,
2826,síntesis,synthesis,noun,
2827,seno,breast,noun,
2828,anda,he/she walks,verb,andar
2829,dependencia,dependence,noun,
2830,primavera,spring,noun,
2831,aumenta,he/she increases,verb,aumentar
2832,manifiesta,he/she manifests,verb,manifestar
2833,fruto,fruit,noun,
2834,brillante,brilliant,adjective,
2835,sindicato,union,noun,
2836,fechas,dates,noun,
2837,torre,tower,noun,
2838,oscuridad,darkness,noun,
2839,anuncio,announcement,noun,
2840,intelectuales,intellectuals,noun,
2841,ampliación,expansion,noun,
2842,conservación,conservation,noun,
2843,inicia,he/she initiates,verb,iniciar
2844,alcanzó,he/she reached,verb,alcanzar
2845,teniente,lieutenant,noun,
2846,demuestra,he/she demonstrates,verb,demostrar
2847,salas,rooms,noun,
2848,vital,vital,adjective,
2849,pudieron,they could,verb,poder
2850,carreras,careers,noun,
2851,sabor,flavor,noun,
2852,combate,combat,noun,
2853,efectivamente,effectively,adverb,
2854,lágrimas,tears,noun,
2855,disminución,decrease,noun,
2856,plantea,he/she raises,verb,plantear
2857,provincial,provincial,adjective,
2858,miraba,I/he/she was looking,verb,mirar
2859,caracas,Caracas,noun,
2860,situado,located,adjective,
2861,caballos,horses,noun,
2862,proteínas,proteins,noun,
2863,biblioteca,library,noun,
2864,recientes,recent,adjective,
2865,afuera,outside,adverb,
2866,jiménez,Jimenez,noun,
2867,tasas,rates,noun,
2868,levanta,he/she lifts,verb,levantar
2869,cuarta,fourth,adjective,
2870,taza,cup,noun,
2871,conclusiones,conclusions,noun,
2872,necesitan,they need,verb,necesitar
2873,negativa,negative,adjective,
2874,dieta,diet,noun,
2875,alcanzado,reached,adjective,
2876,andar,to walk,verb,andar
2877,destacó,he/she highlighted,verb,destacar
2878,pilar,Pilar,noun,
2879,flor,flower,noun,
2880,suficientes,sufficient,adjective,
2881,existentes,existing,adjective,
2882,utilizan,they use,verb,utilizar
2883,ceremonia,ceremony,noun,
2884,ése,that one,pronoun,
2885,abogados,lawyers,noun,
2886,mantienen,they maintain,verb,mantener
2887,castellano,Castilian,noun,
2888,vivido,lived,adjective,
2889,representan,they represent,verb,representar
2890,cámaras,cameras,noun,
2891,aparecer,to appear,verb,aparecer
2892,dioses,gods,noun,
2893,programación,programming,noun,
2894,bogotá,Bogota,noun,
2895,médica,medical,adjective,
2896,opciones,options,noun,
2897,permiso,permission,noun,
2898,verdes,green,adjective,
2899,mensajes,messages,noun,
2900,participantes,participants,noun,
2901,sacó,he/she took out,verb,sacar
2902,profesión,profession,noun,
2903,senador,senator,noun,
2904,alvarez,Alvarez,noun,
2905,convocatoria,call,noun,
2906,largas,long,adjective,
2907,afirmar,to affirm,verb,afirmar
2908,arma,weapon,noun,
2909,americano,American,adjective,
2910,provincias,provinces,noun,
2911,cuantos,how many,pronoun,
2912,proporción,proportion,noun,
2913,rival,rival,noun,
2914,angustia,anguish,noun,
2915,escasa,scarce,adjective,
2916,largos,long,adjective,
2917,granada,Granada,noun,
2918,destrucción,destruction,noun,
2919,europeas,European,adjective,
2920,podríamos,we could,verb,poder
2921,celebración,celebration,noun,
2922,traje,suit,noun,
2923,parecían,they seemed,verb,parecer
2924,jurídico,legal,adjective,
2925,techo,roof,noun,
2926,elevado,elevated,adjective,
2927,financiera,financial,adjective,
2928,jean,Jean,noun,
2929,utilizando,using,verb,utilizar
2930,cubrir,to cover,verb,cubrir
2931,descanso,rest,noun,
2932,percepción,perception,noun,
2933,iu,IU,noun,
2934,bosque,forest,noun,
2935,continuidad,continuity,noun,
2936,británico,British,adjective,
2937,financiación,financing,noun,
2938,bienestar,well-being,noun,
2939,afectados,affected,adjective,
2940,consejero,counselor,noun,
2941,dé,I/he/she give,verb,dar
2942,diría,I/he/she would say,verb,decir
2943,descubrimiento,discovery,noun,
2944,escándalo,scandal,noun,
2945,estancia,stay,noun,
2946,seguros,insurance,noun,
2947,argumentos,arguments,noun,
2948,espero,I hope,verb,esperar
2949,deportes,sports,noun,
2950,informa,he/she informs,verb,informar
2951,preparado,prepared,adjective,
2952,negó,he/she denied,verb,negar
2953,añadir,to add,verb,añadir
2954,corona,crown,noun,
2955,cabezas,heads,noun,
2956,cadáver,corpse,noun,
2957,iguales,equal,adjective,
2958,pendiente,pending,adjective,
2959,relacionados,related,adjective,
2960,abuelo,grandfather,noun,
2961,decirle,to tell him/her,verb,decir
2962,normalmente,normally,adverb,
2963,oficinas,offices,noun,
2964,revisión,review,noun,
2965,frecuentes,frequent,adjective,
2966,institucional,institutional,adjective,
2967,cae,he/she falls,verb,caer
2968,previa,prior,adjective,
2969,ricos,rich,adjective,
2970,símbolo,symbol,noun,
2971,sostiene,he/she holds,verb,sostener
2972,capa,layer,noun,
2973,temporal,temporary,adjective,
2974,vigilancia,surveillance,noun,
2975,mínima,minimum,adjective,
2976,columna,column,noun,
2977,ves,you see,verb,ver
2978,ofrecen,they offer,verb,ofrecer
2979,acababa,I/he/she had just,verb,acabar
2980,determinada,certain,adjective,
2981,ciu,CiU,noun,
2982,salsa,sauce,noun,
2983,ruta,route,noun,
2984,cursos,courses,noun,
2985,huesos,bones,noun,
2986,permitido,allowed,adjective,
2987,difíciles,difficult,adjective,
2988,amiga,friend,noun,
2989,observación,observation,noun,
2990,escritores,writers,noun,
2991,asumir,to assume,verb,asumir
2992,sufrido,suffered,adjective,
2993,setenta,seventy,noun,
2994,dejaron,they left,verb,dejar
2995,guía,guide,noun,
2996,haría,I/he/she would do,verb,hacer
2997,nervioso,nervous,adjective,
2998,vivos,alive,adjective,
2999,dimensiones,dimensions,noun,
3000,atender,to attend,verb,atender
